CODE,TITLE
6118,МОСКВА-ПАССАЖИРСКАЯ-КУРСКАЯ           
4980,МОСКВА-КАЛАНЧЕВСКАЯ                   
7408,РЖЕВСКАЯ                              
6425,ПОСТ-АЛЕКСЕЕВСКИЙ                     
4974,МОСКВА-СТАНКОЛИТ                      
7971,САВЕЛОВСКАЯ                           
1728,КАШИРА-ПАССАЖИРСКАЯ                   
7071,ТЕСНА                                 
4091,БЕЛОПЕСОЦКИЙ                          
1313,КАШИРА-ТОВАРНАЯ                       
5136,АКРИ                                  
1687,СТУПИНО                               
6857,СИТЕНКА                               
7694,ЖИЛЕВО                                
7272,ШУГАРЕВО                              
2319,ОСТ. ПУНКТ 85 КМ                      
5922,НЕПЕЦИНО                              
5637,РАТЧИНО                               
5187,ОСЕНКА                                
7296,ШКИНЬ                                 
6031,ЛЕСНЫЕ ДАРЫ                           
8363,ШУБАТОВО                              
6336,МЯКИНИНО                              
8308,ЛЮТИК                                 
4876,ЯГАНОВО                               
3500,РАТМИРОВО                             
2850,СОТНИКОВО                             
3682,КОЛЫЧЕВО                              
1182,ШМАТОВО                               
2257,МИХНЕВО                               
8264,БЛОКПОСТ 328 КМ                       
6962,ОСТ. ПУНКТ 332 КМ                     
9747,МАЛИНО                                
3790,ОСТ. ПУНКТ 341 КМ                     
9604,УСАДЫ-ОКРУЖНЫЕ                        
8665,ОСТ. ПУНКТ 312 КМ                     
2883,ОСТ. ПУНКТ 309 КМ                     
1615,БЛОКПОСТ 320 КМ                       
1506,БАРЫБИНО                              
9276,ОСТ. ПУНКТ 52 КМ                      
7062,ВЕЛЬЯМИНОВО                           
5781,ПРИВАЛОВО                             
6285,БЕЛЫЕ СТОЛБЫ                          
5740,ВОСТРЯКОВО                            
5992,ВЗЛЕТНАЯ                              
5323,ОСТ. ПУНКТ 32 КМ                      
9026,ДОМОДЕДОВО                            
6399,ЛЕНИНСКАЯ                             
5275,ПЛАТФОРМА КАЛИНИНА                    
8400,РАСТОРГУЕВО                           
3982,БУЛАТНИКОВО                           
2937,БИРЮЛЕВО-ПАССАЖИРСКАЯ                 
7751,АВИАЦИОННАЯ                           
7896,КОСМОС                                
4100,АЭРОПОРТ-ДОМОДЕДОВО                   
2481,ЧЕРТАНОВО                             
1329,БИРЮЛЕВО-ТОВАРНАЯ                     
6351,КОЛОМЕНСКОЕ                           
8908,НИЖНИЕ КОТЛЫ                          
9418,ТУЛЬСКАЯ                              
6966,ВЕРХНИЕ КОТЛЫ                         
3760,МОСКВА-ТОВАРНАЯ-ПАВЕЛЕЦКАЯ            
4338,МОСКВА-ПАССАЖИРСКАЯ-ПАВЕЛЕЦКАЯ        
6366,КУСКОВО                               
6418,ЧУХЛИНКА                              
2352,КАРАЧАРОВО                            
3713,СЕРП И МОЛОТ                          
4152,НОВОГИРЕЕВО                           
2128,ПЕРОВО-Ч                              
8419,ПЕРОВО-П1                             
8239,ПЕРОВО-П10                            
3010,ПЕРОВО-Н                              
1801,ПЕРОВО-П9                             
6065,ПЕРОВО                                
7535,ПЛЮЩЕВО                               
9584,ВЕШНЯКИ                               
4287,ВЫХИНО                                
3721,КОСИНО                                
5877,УХТОМСКАЯ                             
8734,ПЕРОВО II                             
2926,ПЕРОВО НБ                             
3038,ПЕРОВО-А                              
1750,ПЕРОВО-П7                             
6715,МОСКВА-ПАССАЖИРСКАЯ-КАЗАНСКАЯ         
1070,НОВАЯ                                 
2435,ФРЕЗЕР                                
1133,ПЕРОВО-К                              
8267,МОСКВА-ТОВАРНАЯ-РЯЗАНСКАЯ             
6381,ЭЛЕКТРОЗАВОДСКАЯ                      
4767,СОРТИРОВОЧНАЯ                         
9321,НИКОЛАЕВКА                            
6478,МОСКВА II-МИТЬКОВО                    
6566,ЛЮБЕРЦЫ I                             
9802,ПАНКИ                                 
3579,ТОМИЛИНО                              
1768,КРАСКОВО                              
7028,МАЛАХОВКА                             
8029,УДЕЛЬНАЯ                              
7185,ЛЮБЕРЦЫ I-ВОСТ                        
8974,ЛЮБЕРЦЫ I-Ч                           
6924,ЛЮБЕРЦЫ I-У                           
4521,ЛЮБЕРЦЫ I-Н1                          
3291,ЛЮБЕРЦЫ II                            
1800,КОРЕНЕВО                              
1287,ЛЮБЕРЦЫ I-Я                           
8704,ЛЮБЕРЦЫ I-Н                           
5137,МАЛЬЧИКИ                              
5909,ЯНИЧКИНО                              
9078,ДЗЕРЖИНСКАЯ                           
4969,ОВРАЖКИ                               
5279,РОДНИКИ                               
2054,ВЯЛКИ                                 
9042,ХРИПАНЬ                               
2202,ОСТ. ПУНКТ 41 КМ                      
4449,ДОНИНО                                
7649,ПЛАТФОРМА 49 КМ                       
4829,ОСТ. ПУНКТ 52 КМ                      
7111,ГРИГОРОВО                             
7749,ГЖЕЛЬ                                 
5427,ИГНАТЬЕВО                             
5128,КУЗЯЕВО                               
6789,ШЕВЛЯГИНО                             
8669,ОСТ. ПУНКТ 73 КМ                      
9152,АНЦИФЕРОВО                            
9360,ПОДОСИНКИ                             
6875,ОСТ. ПУНКТ 55 КМ                      
9333,БЫКОВО                                
9194,ИЛЬИНСКАЯ                             
6162,ОТДЫХ                                 
6572,КРАТОВО                               
7866,ПЛАТФОРМА 42 КМ                       
8436,ФАБРИЧНАЯ                             
2493,РАМЕНСКОЕ                             
8578,ПЛАТФОРМА 47 КМ                       
7910,СОВХОЗ                                
1233,ЗАГОРНОВО                             
9308,БРОННИЦЫ                              
7052,ПЛАТФОРМА 63 КМ                       
5031,БЕЛООЗЕРСКАЯ                          
7612,РАДУГА                                
8197,ФАУСТОВО                              
8259,ЗОЛОТОВО                              
2353,ВИНОГРАДОВО                           
8677,КОНОБЕЕВО                             
6799,ПЛАТФОРМА 88 КМ                       
8242,ТРОФИМОВО                             
7010,ЛОСИНООСТРОВСКАЯ-ЧЕТ                  
1427,ЛОСИНООСТРОВСКАЯ-НЕЧ                  
9764,ЛОСИНООСТРОВСКАЯ                      
9291,ЛОСЬ                                  
9309,ПЕРЛОВСКАЯ                            
1201,ТАЙНИНСКАЯ                            
4842,ЛОСИНООСТРОВСКАЯ-Ч                    
2911,ЛОСИНООСТРОВСКАЯ-Н                    
1456,ЛОСИНООСТРОВСКАЯ МОК                  
4966,МОСКВА-ПАССАЖИРСКАЯ-ЯРОСЛАВСКАЯ       
6788,МОСКВА III                            
6700,МАЛЕНКОВСКАЯ                          
4450,ЯУЗА                                  
5797,СЕВЕРЯНИН                             
1381,МОСКВА-ТОВАРНАЯ-ЯРОСЛАВСКАЯ           
1392,БЕСКУДНИКОВО                          
7074,ЛИАНОЗОВО                             
6707,МОСКВА-БУТЫРСКАЯ                      
9504,ТИМИРЯЗЕВСКАЯ                         
9465,ОКРУЖНАЯ                              
5609,ДЕГУНИНО                              
2341,ДМИТРОВСКАЯ                           
8602,МОСКВА-РИЖСКАЯ                        
1605,МОСКВА-РИЖ                            
4153,ГРАЖДАНСКАЯ                           
1432,КРАСНЫЙ БАЛТИЕЦ                       
4581,ЛЕНИНГРАДСКАЯ                         
4319,ПОДМОСКОВНАЯ                          
2414,ПОКРОВСКО-СТРЕШНЕВО                   
9759,ТУШИНО                                
5635,ТРИКОТАЖНАЯ                           
6685,ВОЛОКОЛАМСКАЯ                         
9220,ПЕНЯГИНО                              
4661,ПАВШИНО                               
3031,КРАСНОГОРСКАЯ                         
8251,ОПАЛИХА                               
2671,АНИКЕЕВКА                             
6753,НАХАБИНО                              
2278,МАЛИНОВКА                             
3351,ПАРКОВАЯ                              
2452,ИСАКОВО                               
2841,ОЗЕРКИ                                
9494,ДЕДОВСК                               
3666,МИИТОВСКАЯ                            
9698,СНЕГИРИ                               
1820,ОСТ. ПУНКТ 50 КМ                      
4776,МАНИХИНО I                            
1035,МАНИХИНО II                           
7887,ОСТ. ПУНКТ 159 КМ                     
4174,ОСТ. ПУНКТ 155 КМ                     
9191,ЖИЛИНО                                
8222,ДЕПО                                  
4018,ПОВАРОВО III                          
3809,ВСПОМОГАТЕЛЬНЫЙ ПОСТ 142 КМ           
4421,ЛУКИНО                                
4442,ОСТ. ПУНКТ 178 КМ                     
6227,ОСТ. ПУНКТ 183 КМ                     
6302,ДЮДЬКОВО                              
6733,ОСТ. ПУНКТ 189 КМ                     
4524,ОСТ. ПУНКТ 191 КМ                     
3294,ЯСТРЕБКИ                              
5923,ОСТ. ПУНКТ 198 КМ                     
9608,ОСТ. ПУНКТ 165 КМ                     
1837,ОСТАНОВОЧНЫЙ ПУНКТ 174 КМ             
3629,НОВОИЕРУСАЛИМСКАЯ                     
9861,ЧЕХОВСКАЯ                             
8804,ИСТРА                                 
6487,ТРОИЦКАЯ                              
1295,ХОЛЩЕВИКИ                             
1698,ОСТ. ПУНКТ 73 КМ                      
1782,ЯДРОШИНО                              
2998,КУРСАКОВСКАЯ                          
2068,РУМЯНЦЕВО                             
1753,НОВОПЕТРОВСКАЯ                        
1803,УСТИНОВКА                             
2743,ОСТ. ПУНКТ 91 КМ                      
9112,ЛЕСОДОЛГОРУКОВО                       
6922,ЧИСМЕНА                               
3708,МАТРЕНИНО                             
4793,ДУБОСЕКОВО                            
3856,ПЛАТФОРМА 133 КМ                      
9387,ВОЛОКОЛАМСК                           
6479,БЛАГОВЕЩЕНСКОЕ                        
8546,БУХОЛОВО                              
6953,ОСТ. ПУНКТ 141 КМ                     
1769,ОСТ. ПУНКТ 149 КМ                     
9227,ШАХОВСКАЯ                             
3947,ШАХОВСКАЯ САИПС                       
4424,МОСКВА-СОРТИРОВОЧНАЯ-КИЕВСКАЯ         
5263,МОСКВА-ВХОД-КИЕВ                      
8313,МОСКВА-ТОВАРНАЯ-КИЕВСКАЯ              
9185,МОСКВА-ПАССАЖИРСКАЯ-КИЕВСКАЯ          
5784,ПОСТ ЗАВОДА ИМ. БАДАЕВА               
3637,МОСКВА-ТОВ-СМОЛ-ЧЕТ                   
1099,МОСКВА-ТОВАРНАЯ-СМОЛЕНСКАЯ            
2770,БЕГОВАЯ                               
9204,ТЕСТОВСКАЯ                            
1469,МОСКВА-ПАССАЖИРСКАЯ-СМОЛЕНСКАЯ        
4620,ПЛОЩАДЬ ГАГАРИНА                      
8912,КАНАТЧИКОВО                           
7488,ЛУЖНИКИ                               
2309,КАНАТЧИКОВО                           
2448,ВОРОБЬЕВЫ ГОРЫ                        
1653,КУТУЗОВО                              
3027,ДЕЛОВОЙ ЦЕНТР                         
9647,ШЕЛЕПИХА                              
2531,КУТУЗОВСКАЯ                           
8162,ПРЕСНЯ                                
6849,ХОРОШЕВО                              
3977,ЗОРГЕ                                 
5782,ПАНФИЛОВСКАЯ                          
2356,СЕРЕБРЯНЫЙ БОР                        
1422,СЕРЕБРЯНЫЙ БОР                        
4833,СТРЕШНЕВО                             
3979,БРАТЦЕВО                              
9200,БАЛТИЙСКАЯ                            
6324,БРАТЦЕВО ПУТИ ОТСТОЯ Ч                
8724,КОПТЕВО                               
4135,БРАТЦЕВО ПУТИ ОТСТОЯ Н                
6253,ЛИХОБОРЫ                              
2301,ЛИХОБОРЫ                              
3948,ЛИХОБОРЫ                              
3262,ОКРУЖНАЯ                              
3296,ВЛАДЫКИНО-МОСКОВСКОЕ                  
5300,ВЛАДЫКИНО-МОСКОВСКОЕ                  
3423,БОТАНИЧЕСКИЙ САД                      
3511,РОСТОКИНО                             
5042,РОСТОКИНО                             
3115,РОСТОКИНО                             
9662,БЕЛОКАМЕННАЯ                          
1480,БУЛЬВАР РОКОССОВСКОГО                 
9709,БЕЛОКАМЕННАЯ НЕЧЕТНАЯ                 
1979,ЧЕРКИЗОВО                             
3673,СОКОЛИНАЯ ГОРА                        
8624,ИЗМАЙЛОВО                             
2857,ЛЕФОРТОВО                             
4516,АНДРОНОВКА                            
4981,СЕВЕРНЫЙ ПОСТ                         
3295,НИЖЕГОРОДСКАЯ                         
6723,НОВОХОХЛОВСКАЯ                        
4791,УГРЕШСКАЯ                             
2512,ШОССЕ ЭНТУЗИАСТОВ                     
1602,АНДРОНОВКА-ПАССАЖИРСКАЯ               
5269,МОСКВА-ЮЖНЫЙ ПОРТ                     
1415,МОСКВА-ЮЖНЫЙ ПОРТ                     
1734,УГРЕШСКАЯ                             
2979,ДУБРОВКА                              
6971,АВТОЗАВОДСКАЯ                         
7326,УГРЕШСКАЯ СТРЕЛОЧНЫЙ ПЕРЕВОД №1       
5426,КОЖУХОВО                              
3954,ЗИЛ                                   
2757,ВЕРХНИЕ КОТЛЫ                         
3861,КРЫМСКАЯ                              
5350,БОЙНЯ                                 
5236,БОЙНЯ                                 
6785,НОВОПРОЛЕТАРСКАЯ                      
8935,МОСКВА-ЮЖНЫЙ ПОРТ (ЭКСП.)             
3789,БРЯНСК-ЛЬГОВСКИЙ                      
8331,ОСТ. ПУНКТ 5 КМ                       
1195,РИЖСКИЙ ПОСТ                          
1215,ДЕПОВСКАЯ                             
4304,ОСТ. ПУНКТ 396 КМ                     
9373,БРЯНСК-ЛЬГОВСКИЙ-ЧПП                  
2285,ПОСТ-БРЯНСК-ЮЖНЫЙ                     
7328,ОСТ. ПУНКТ 387 КМ                     
2209,СТЯЖНОЕ                               
6104,БРЯНСК-ЛЬГОВСКИЙ-НТСО                 
4290,БРЯНСК-ОРЛОВСКИЙ                      
7036,УРИЦКИЙ                               
5658,ОСТ. ПУНКТ 375 КМ                     
1011,ОСТ. ПУНКТ 225 КМ                     
3356,ОСТ. ПУНКТ 371 КМ                     
9864,БРЯНСК-СЕВЕРНЫЙ                       
9611,БРЯНСК-ЛЬГОВСКИЙ-ЧТСО                 
9202,ПУНКА                                 
6621,ОСТ. ПУНКТ 214 КМ                     
8587,ПОСТ БРЯНСК-СЕВЕРНЫЙ                  
7112,БРЯНСК-ВОСТОЧНЫЙ                      
4437,ОСТ. ПУНКТ 126 КМ                     
3907,СНЕЖЕТЬСКАЯ                           
9607,БЕЛОБЕРЕЖСКАЯ                         
5993,ВОСТОЧНЫЙ ПАРК                        
5607,ОСТ. ПУНКТ 131 КМ                     
2923,ПЛАТФОРМА БРЯНСК-ВОСТОЧНЫЙ            
6062,ЗАПАДНЫЙ ПАРК                         
5762,МОСКВА-ЮЖНЫЙ ПОРТ (ПЕРЕВ.)            
7928,БРЯНСК-ЛЬГОВСКИЙ-ЧВ                   
6786,БРЯНСК-ЛЬГОВСКИЙ-НВ                   
5527,БРЯНСК-ЛЬГОВСКИЙ-ЧЗ                   
8661,БРЯНСК-ЛЬГОВСКИЙ-НЗ                   
4591,БЕЛЫЕ БЕРЕГА                          
3814,ОСТ. ПУНКТ 109 КМ                     
5035,МЫЛИНКА                               
8174,ОСТ. ПУНКТ 94 КМ                      
7133,ПЛАТФОРМА 99 КМ                       
3223,КАРАЧЕВ                               
7871,ОСТ. ПУНКТ 81 КМ                      
7891,ОДРИНСКАЯ                             
1100,ОСТ. ПУНКТ 73 КМ                      
3722,ОСТ. ПУНКТ 69 КМ                      
1498,ПЛАТФОРМА 84 КМ                       
5763,ХОТЫНЕЦ                               
7524,ОСТ. ПУНКТ 53 КМ                      
4761,ШАХОВО                                
7994,СЕЛИХОВО                              
4834,НАРЫШКИНО                             
9622,ОСТ. ПУНКТ 24 КМ                      
1474,ПЛАТФОРМА 21 КМ                       
4186,ПОЛПИНСКАЯ                            
1631,ФОКИНО                                
1645,ОСТ. ПУНКТ 207 КМ                     
2861,ОСТ. ПУНКТ 204 КМ                     
8250,ЛЮБОХНА                               
1114,МАЛЫГИН                               
5103,ОСТ. ПУНКТ 190 КМ                     
7776,ДЯТЬКОВО                              
4493,ЗЛЫНКА (ЭКСП.)                        
8748,СВЕНЬ                                 
1547,ЗАПАДНЫЙ ПОСТ                         
2624,ОСТ. ПУНКТ 18 КМ                      
3707,ПОЛУЖЬЕ                               
8357,РАЗЪЕЗД 31 КМ                         
7096,ВЫГОНИЧИ                              
9054,ОСТ. ПУНКТ 39 КМ                      
9916,РАЗЪЕЗД 43 КМ                         
1305,ПИЛЬШИНО                              
2983,ОСТ. ПУНКТ 50 КМ                      
9119,ХМЕЛЕВО                               
8902,ПАНИКОВКА                             
5083,ОСТ. ПУНКТ 76 КМ                      
4344,КРАСНЫЙ РОГ                           
1751,ПОЧЕП                                 
6632,ОСТ. ПУНКТ 90 КМ                      
4444,НЕМОЛОДВА                             
5603,ОСТ. ПУНКТ 99 КМ                      
2822,РАЗЪЕЗД 103 КМ                        
6493,ЖУДИЛОВО                              
6297,ОСТ. ПУНКТ 113 КМ                     
3252,РАССУХА                               
8025,ОСТ. ПУНКТ 123 КМ                     
8384,КОРОБОНИЧИ                            
3107,ОСТ. ПУНКТ 133 КМ                     
1898,УНЕЧА                                 
7253,ОСТ. ПУНКТ 143 КМ                     
9574,ПЕСЧАНИКИ                             
5741,ОСТ. ПУНКТ 153 КМ                     
4772,РОБЧИК                                
3921,ОСТ. ПУНКТ 164 КМ                     
1629,ЮЖНЫЙ ПОСТ                            
7897,ОСТ. ПУНКТ 5 КМ                       
5255,ОСТ. ПУНКТ 9 КМ                       
3054,ОСТ. ПУНКТ 6 КМ                       
9631,КЛИНЦЫ                                
1241,ТУРОСНА                               
3815,ОСТ. ПУНКТ 187 КМ                     
5298,МАНЮКИ                                
3899,ОСТ. ПУНКТ 202 КМ                     
4759,НОВОЗЫБКОВ                            
4265,ПЕРЕВОЗ                               
8778,ОСТ. ПУНКТ 221 КМ                     
2623,КАРХОВКА                              
6170,ОСТ. ПУНКТ 9 КМ                       
2320,ПОКРОВКА                              
2318,ЗЛЫНКА                                
6978,ЗЛЫНКА САИПС                          
7012,КЛИМОВ САИПС                          
4503,КЛИМОВ                                
2698,НОВОРОПСК                             
9996,ОСТ. ПУНКТ 43 КМ                      
6037,СУРАЖ (ЭКСП.)                         
8090,СУРАЖ САИПС                           
7508,СУРАЖ                                 
6554,ОСТ. ПУНКТ 228 КМ                     
2482,ИПУТЬ                                 
9640,ОСТ. ПУНКТ 238 КМ                     
3219,ДОБРИК                                
6766,СЕВЕРНЫЙ ПОСТ                         
5378,СТАРОДУБ                              
7414,ОСТ. ПУНКТ 24 КМ                      
9015,ОСТ. ПУНКТ 21 КМ                      
3872,ОСТ. ПУНКТ 18 КМ                      
9261,ЯЦКОВИЧИ                              
8849,НЕВЗОРОВО                             
8745,ГРИНЕВО                               
2547,ОСТ. ПУНКТ 50 КМ                      
8406,ОСТ. ПУНКТ 19 КМ                      
4963,ПОГАР                                 
4749,ВИТЕМЛЯ                               
7316,ВИТЕМЛЯ-ЭКСПОРТ                       
8720,ЖЕЧА                                  
4423,СУДОСТЬ                               
5338,ВИТЕМЛЯ САИПС                         
6100,СЕЛЕЦКАЯ                              
8022,ОСТ. ПУНКТ 73 КМ                      
1541,ВИТЕМЛЯ-ЭКСПОРТ                       
6362,НАВЛЯ                                 
1041,КАЛИГАЕВКА                            
4097,КЛЮКОВНИКИ                            
8467,ЧИЧКОВО                               
9169,СИНЕЗЕРКИ                             
1947,ЗЕМЛЯНИЧНАЯ                           
3169,ОСТ. ПУНКТ 427 КМ                     
6959,ДЕВИЧЬЕ                               
1199,ОСТ. ПУНКТ 439 КМ                     
1031,НАВЛЯ-ПОСТ                            
3731,АЛТУХОВО                              
2810,ОСТ. ПУНКТ 448 КМ                     
5184,ПИОНЕРСКАЯ                            
1168,КОКОРЕВКА                             
1902,ОСТ. ПУНКТ 460 КМ                     
7336,ХОЛМЕЧИ                               
4017,НЕРУССА                               
2105,ОСТ. ПУНКТ 480 КМ                     
7894,СУЗЕМКА                               
9415,ГОРОЖАНКА                             
2455,ОСТ. ПУНКТ 483 КМ                     
4662,НОВЕНЬКОЕ                             
5721,БЕЛАЯ БЕРЕЗКА                         
3097,ТРУБЧЕВСК                             
8098,СУЗЕМКА САИПС                         
2283,ТРУБЧЕВСК                             
6012,СУЗЕМКА (ЭКСП.)                       
6468,ПОГРЕБЫ                               
9738,ПОСТ 445 КМ                           
1315,БРАСОВО                               
9807,РАССОШКА                              
3934,ОСТ. ПУНКТ 463 КМ                     
7664,АРКИНО                                
5399,КОМАРИЧИ                              
3212,ОСТ. ПУНКТ 482 КМ                     
2086,УСОЖА                                 
3559,ЕВДОКИМОВКА                           
6145,ПУТЕВОЙ ПОСТ 499 КМ                   
4472,ДЕРЮГИНО                              
1677,ПОСТ 511 КМ                           
2276,ДМИТРИЕВ-ЛЬГОВСКИЙ                    
7697,РОГОЗНА                               
3488,ОСТ. ПУНКТ 525 КМ                     
8968,АРБУЗОВО                              
3812,ПОСТ 4 КМ                             
1928,ОСТ. ПУНКТ 7 КМ                       
5929,СНИЖА                                 
7355,ОСТ. ПУНКТ 14 КМ                      
2725,ОСТ. ПУНКТ 18 КМ                      
5883,ОСТ. ПУНКТ 23 КМ                      
6369,МИЦЕНЬ                                
8241,ОСТ. ПУНКТ 29 КМ                      
6404,ОСТ. ПУНКТ 536 КМ                     
5630,БЕЛАЯ БЕРЕЗКА                         
1137,ГРИНЕВКА                              
8683,ОСТ. ПУНКТ 543 КМ                     
4020,СОКОВНИНКА                            
2332,ОСТ. ПУНКТ 552 КМ                     
7364,ОСТ. ПУНКТ 557 КМ                     
6035,ПЛАТФОРМА 15 КМ                       
7047,ОСТАПОВО                              
4753,ОСТ. ПУНКТ 42 КМ                      
9476,ОСТ. ПУНКТ 48 КМ                      
7302,ОСТ. ПУНКТ 34 КМ                      
8816,МИХАЙЛОВСКИЙ РУДНИК                   
1586,ОСТ. ПУНКТ 62 КМ                      
3522,ОСТ. ПУНКТ 54 КМ                      
5156,ОСТ. ПУНКТ 58 КМ                      
7961,ОСТ. ПУНКТ 60 КМ                      
8653,КУРБАКИНСКАЯ                          
5754,ОСТ. ПУНКТ 76 КМ                      
5822,ОСТ. ПУНКТ 81 КМ                      
7219,ГОСТОМЛЯ                              
4729,ОСТ. ПУНКТ 67 КМ                      
9792,ОСТ. ПУНКТ 71 КМ                      
1275,КРОМЫ                                 
5508,ОСТ. ПУНКТ 108 КМ                     
8548,ОСТ. ПУНКТ 112 КМ                     
8463,ОСТ. ПУНКТ 115 КМ                     
4131,ПАНЬКОВО                              
4446,ОСТ. ПУНКТ 124 КМ                     
1382,ОСТ. ПУНКТ 134 КМ                     
5980,ЛУЖКИ-ОРЛОВСКИЕ                       
9362,КОНЫШЕВКА                             
4321,ОСТ. ПУНКТ 565 КМ                     
5623,МАРИЦА                                
5318,ОСТ. ПУНКТ 575 КМ                     
9739,ОСТ. ПУНКТ 563 КМ                     
4918,ШЕРЕКИНО                              
3911,ВСПОМОГАТЕЛЬНЫЙ ПОСТ 584 КМ           
8041,ОСТ. ПУНКТ 585 КМ                     
6617,ЛЬГОВ-СОРТИРОВОЧНЫЙ                   
7455,ЛЬГОВ-КИЕВСКИЙ                        
3632,ОСТ. ПУНКТ 3 КМ                       
1569,ОСТ. ПУНКТ 5 КМ                       
8984,СУГРОВ                                
8695,ОСТ. ПУНКТ 11 КМ                      
5373,БЛОКПОСТ 13 КМ                        
6099,ОСТ. ПУНКТ 401 КМ                     
3618,ПЛАТФОРМА 408 КМ                      
1259,ОСТ. ПУНКТ 404 КМ                     
4691,ПЛАТФОРМА 412 КМ                      
4667,ОСТ. ПУНКТ 25 КМ                      
5116,АНАСТАСЬЕВКА                          
4919,ГРОДНЕНСКИЙ                           
7818,ДЕРЕВЕНЬКИ                            
6947,ОСТ. ПУНКТ 46 КМ                      
8037,КУРЧАНИНОВО                           
6862,ОСТ. ПУНКТ 54 КМ                      
6460,СУДЖА                                 
6878,ОСТ. ПУНКТ 66 КМ                      
5208,ОСТ. ПУНКТ 69 КМ                      
2996,КОНОПЕЛЬКИ                            
3733,ОСТ. ПУНКТ 73 КМ                      
1111,СОСНОВЫЙ БОР                          
9686,ОСТ. ПУНКТ 82 КМ                      
6233,ПСЕЛ                                  
4561,ОСТ. ПУНКТ 89 КМ                      
9311,ОСТ. ПУНКТ 93 КМ                      
3874,ОСТ. ПУНКТ 94 КМ                      
2506,ПЛАТФОРМА 86 КМ                       
3983,ОСТ. ПУНКТ 99 КМ                      
5051,ОСТ. ПУНКТ 102 КМ                     
6784,ОСТ. ПУНКТ 104 КМ                     
1341,РУЛИТИН                               
6456,ОСТ. ПУНКТ 109 КМ                     
3862,ОСТ. ПУНКТ 112 КМ                     
3189,ПОДКОСЫЛЕВ                            
7967,ЮСУПОВО                               
4322,ТЕТКИНО (ЭКСП.)                       
7948,ГЛУШКОВО (ЭКСП.)                      
9260,ЛОКОТЬ (ЭКСП.)                        
7335,ОСТ. ПУНКТ 322 КМ                     
8307,ОСТ. ПУНКТ 329 КМ                     
2221,ГЛУШКОВО(САИПС)                       
3285,ГЛУШКОВО                              
7812,ОСТ. ПУНКТ 341 КМ                     
6201,ОСТ. ПУНКТ 344 КМ                     
6520,ГАПОНОВО                              
3387,ОСТ. ПУНКТ 351 КМ                     
9793,ГЛУШКОВО САИПС                        
6259,КОРЕНЕВО                              
3151,ОСТ. ПУНКТ 9 КМ                       
9606,ОСТ. ПУНКТ 12 КМ                      
8126,ОСТ. ПУНКТ 358 КМ                     
6025,РАЗЪЕЗД 361 КМ                        
4136,ОСТ. ПУНКТ 367 КМ                     
9493,ОСТ. ПУНКТ 371 КМ                     
9175,ОСТ. ПУНКТ 374 КМ                     
4676,СЕЙМСКАЯ                              
6704,РЫЛЬСК                                
3415,ОСТ. ПУНКТ 387 КМ                     
1988,АРТАКОВО                              
9902,ОСТ. ПУНКТ 378 КМ                     
6339,КОЛОНТАЕВКА                           
9249,БЛОХИНО                               
5111,ЛУКАШЕВКА                             
6490,КУРЧАТОВ                              
7507,ОСТ. ПУНКТ 428 КМ                     
4197,ПОСТ-ДИЧНЯ                            
9907,ПЛАТФОРМА 439 КМ                      
4482,ДЬЯКОНОВО                             
4703,РАЗЪЕЗД 454 КМ                        
1022,ОСТ. ПУНКТ 457 КМ                     
8274,РЫШКОВО                               
3224,ОСТ. ПУНКТ 465 КМ                     
4697,ВСПОМОГАТЕЛЬНЫЙ ПОСТ 470 КМ           
8193,ПЛАТФОРМА 472 КМ                      
1045,КУРСК САИПС                           
5649,КУРСК                                 
2288,ПОСТ 530 КМ                           
8694,ОСТ. ПУНКТ 4 КМ                       
6073,НОЗДРАЧЕВО                            
7247,ПЛАТФОРМА 18 КМ                       
5713,ОСТ. ПУНКТ 14 КМ                      
7189,ОТРЕШКОВО                             
5481,ПЛАТФОРМА 29 КМ                       
9218,МЕЛЕХИНО                              
2159,ОХОЧЕВКА                              
5384,РАЗЪЕЗД 53 КМ                         
4360,ОСТ. ПУНКТ 12 КМ                      
8195,ТЕРЕБУЖ                               
4126,КОСОРЖА                               
2391,ОСТ. ПУНКТ 42 КМ                      
7155,ОСТ. ПУНКТ 50 КМ                      
3478,НЕТРУБЕЖ                              
8294,КОЛПНЫ                                
4571,ЩИГРЫ                                 
8244,УДОБРИТЕЛЬНАЯ                         
9014,ГОЛОВИНКА                             
2969,ЧЕРЕМИСИНОВО                          
6091,РАСХОВЕЦ                              
1454,ОСТ. ПУНКТ 102 КМ                     
6127,ОСТ. ПУНКТ 91 КМ                      
8359,МАРМЫЖИ                               
9563,КШЕНЬ                                 
8376,НИЖНЕГРАЙВОРОНКА                      
1513,ОСТ. ПУНКТ 146 КМ                     
5329,ЛАЧИНОВО                              
1742,ТЕТКИНО САИПС                         
9151,НЕОНИЛОВКА                            
2783,КРУПЕЦ                                
6564,ПЛЕХАНОВО                             
2621,ТУЛА-ЛИХВИНСКАЯ                       
6996,РВЫ (УЗК)                             
1856,ТРУФАНОВО (УЗК)                       
5925,ТУЛА I-КУРСКАЯ                        
1465,ПЛАТФОРМА 191 КМ                      
6839,ТУЛА II-КУРСКАЯ                       
9171,КОСАЯ ГОРА                            
7562,ТУЛА-ВЯЗЕМСКАЯ                        
6183,ХОМЯКОВО                              
1595,БАЙДИКИ                               
2932,РЕВЯКИНО                              
9796,БАРАНОВО                              
6234,ШЕМЕТОВО                              
5591,ЯСНОГОРСК                             
6725,ПЛАТФОРМА 153 КМ                      
9101,ШУЛЬГИНО                              
9345,ПАХОМОВО                              
8462,ОСТ. ПУНКТ 132 КМ                     
2837,ТАРУССКАЯ                             
9828,РОМАНОВСКИЕ ДАЧИ                      
6568,ПРИОКСКАЯ                             
1627,ОСТ. ПУНКТ 107 КМ                     
6226,НЕКРАСОВО                             
7856,ОБИДИМО                               
1414,МАЛАХОВО                              
6175,ТЕСНИЦКОЕ                             
3990,ОСТ. ПУНКТ 275 КМ                     
4635,СУХОДОЛ                               
5091,ОСТ. ПУНКТ 238 КМ                     
7022,РЮРИКОВО                              
6185,АЛЕКСИН                               
6570,ПЛАТФОРМА 232 КМ                      
4693,ЭНЕРГЕТИК                             
3515,ОСТ. ПУНКТ 224 КМ                     
6364,СРЕДНЯЯ                               
4999,КРИВОЛУЧЬЕ                            
7295,ОСТ. ПУНКТ 309 КМ                     
3836,ОСТ. ПУНКТ 313 КМ                     
4608,ПРИСАДЫ                               
8159,ОСТ. ПУНКТ 318 КМ                     
7606,ШАТ                                   
7528,ОСТ. ПУНКТ 329 КМ                     
4705,ОБОЛЕНСКОЕ                            
1907,ШВАРЦ                                 
9049,ДЕДИЛОВО                              
5085,БЕРНИКИ                               
7309,ОСТ. ПУНКТ 141 КМ                     
5241,ОСТ. ПУНКТ 147 КМ                     
4195,СТОРОЖЕВОЕ                            
1449,УПА                                   
6912,БАТЬКОВО                              
4592,КРУШМА                                
7352,ОСТ. ПУНКТ 115 КМ                     
6776,ХАНИНО                                
6613,ЗБРОДОВО                              
9533,ПЛАТФОРМА 88 КМ                       
4707,БАЛЕВО                                
1485,ПЛАТФОРМА 81 КМ                       
1697,ЧЕРЕПЕТЬ                              
2545,ЧЕКАЛИН                               
1131,МЫШБОР                                
1319,ШЕПЕЛЕВО                              
5011,ТУПИК                                 
9978,ОСТ. ПУНКТ 326 КМ                     
9094,СЛАГОВИЩИ                             
2504,ОСТ. ПУНКТ 311 КМ                     
3621,КИРЕЕВСКАЯ                            
7122,ОСТ. ПУНКТ 303 КМ                     
9242,ИШУТИНО                               
1164,ОСТ. ПУНКТ 293 КМ                     
9019,ОСТ. ПУНКТ 298 КМ                     
3938,БЕЛЕВ                                 
6289,МАНАЕНКИ                              
3794,РАХЛЕЕВО                              
1138,АРСЕНЬЕВО                             
7657,ГРЕМЯЧКА                              
3235,ИСТЬИНО                               
1336,ОСТАНОВОЧНЫЙ ПУНКТ 225 КМ             
2447,ОСТАНОВОЧНЫЙ ПУНКТ 221 КМ             
2821,ОСТАНОВОЧНЫЙ ПУНКТ 239 КМ             
9370,ВЕЖЕНКА                               
3609,ЯСНАЯ ПОЛЯНА                          
2681,КАЗНАЧЕЕВКА                           
4378,ЩЕКИНО                                
9950,ЖИТОВО                                
8769,ПРИВОЛЬЕ                              
3303,ЛАЗАРЕВО                              
3890,СУМАРОКОВО                            
5672,АГРОЛЕС                               
1821,ПЛАВСК                                
7793,МОЛОЧНЫЕ ДВОРЫ                        
9408,САМОЗВАНОВКА                          
6880,ДЕВЯТОЕ ЯНВАРЯ                        
7462,ОВСЯНАЯ                               
3161,ГОРБАЧЕВО                             
6245,ПЛЕТНЕВО                              
2280,СКУРАТОВО                             
7095,ОСТ. ПУНКТ 289 КМ                     
9774,ВЫПОЛЗОВО                             
4684,БАБУРИНО                              
4675,ОГАРЕВО                               
7764,РАЗЪЕЗД 160 КМ                        
9192,ПОНОМАРЕВО                            
2017,ТЕПЛОЕ                                
3023,ЧЕРНЬ                                 
6693,ОСТ. ПУНКТ 313 КМ                     
4496,ОСТ. ПУНКТ 317 КМ                     
2789,БАСТЫЕВО                              
6960,ОСТ. ПУНКТ 324 КМ                     
8082,ОСТ. ПУНКТ 327 КМ                     
6549,ОСТ. ПУНКТ 319 КМ                     
3135,МЦЕНСК                                
6143,ЖЕЛЕЗНИЦА                             
1503,ОСТ. ПУНКТ 333 КМ                     
7670,ОСТ. ПУНКТ 346 КМ                     
3101,ОТРАДА                                
9961,ОСТ. ПУНКТ 360 КМ                     
4869,ОПТУХА                                
5448,ОСТ. ПУНКТ 370 КМ                     
1836,ОСТ. ПУНКТ 372 КМ                     
3976,ОСТ. ПУНКТ 368 КМ                     
5460,ДУМЧИНО                               
1202,СТАЛЬНОЙ КОНЬ                         
5893,ПЛАТФОРМА 378 КМ                      
2441,ОРЕЛ                                  
8595,СВЕТЛАЯ ЖИЗНЬ                         
6935,СТИШЬ                                 
9105,ПИЛАТОВКА                             
8932,ОРЕЛ-СЕВЕРНЫЙ                         
6239,ОРЕЛ-Н                                
4508,ОРЕЛ-П6                               
3490,ОРЕЛ-П8                               
8688,ОРЕЛ-П10                              
1523,ОРЕЛ-Н                                
9687,КРОМСКАЯ                              
7858,ЦОН                                   
2894,САХАНСКАЯ                             
7168,СЕМИНАРСКАЯ                           
6741,МИЧУРИНСКАЯ                           
8224,КУЗМИЧЕВКА                            
2901,ДОМНИНО                               
2960,ОСТ. ПУНКТ 22 КМ                      
6474,ЗОЛОТАРЕВО                            
4660,ЧИЖКИ                                 
4699,ОСТ. ПУНКТ 5 КМ                       
8904,ОСТ. ПУНКТ 19 КМ                      
2475,СТАНОВОЙ КОЛОДЕЗЬ                     
7925,ОСТ. ПУНКТ 408 КМ                     
7867,ПЛАТФОРМА 406 КМ                      
6563,ЕРОПКИНО                              
7553,ОСТ. ПУНКТ 418 КМ                     
7995,ЗМИЕВКА                               
4259,ОСТ. ПУНКТ 429 КМ                     
9130,КУРАКИНО                              
5953,ГЛАЗУНОВКА                            
7191,ОСТ. ПУНКТ 452 КМ                     
6417,МАЛОАРХАНГЕЛЬСК                       
7905,ПОНЫРИ                                
2192,ОСТ. ПУНКТ 474 КМ                     
9879,ВОЗЫ                                  
7038,ОСТ. ПУНКТ 487 КМ                     
6408,ОСТ. ПУНКТ 491 КМ                     
7227,ЗОЛОТУХИНО                            
2484,ОСТ. ПУНКТ 503 КМ                     
3517,ОСТ. ПУНКТ 507 КМ                     
9579,ОСТ. ПУНКТ 500 КМ                     
3902,СВОБОДА                               
4824,ОСТ. ПУНКТ 517 КМ                     
8953,БУКРЕЕВКА                             
8614,ОСТ. ПУНКТ 521 КМ                     
7344,МОХОВАЯ                               
8759,БЛАГОДАТНАЯ                           
5059,ЗАЛЕГОЩЬ                              
6967,ДИШНЯ                                 
7443,ТУРОВКА                               
7542,ВЕРХОВЬЕ                              
9895,ОСТ. ПУНКТ 11 КМ                      
1958,СКАРЯТИНО                             
9775,ОСТ. ПУНКТ 23 КМ                      
4115,ПЛАТФОРМА 27 КМ                       
3228,ХОМУТОВО                              
5869,ОСТ. ПУНКТ 115 КМ                     
8823,ОСТ. ПУНКТ 118 КМ                     
1978,КРАСНАЯ ЗАРЯ                          
9592,ОСТ. ПУНКТ 137 КМ                     
4386,ШАТИЛОВО                              
3787,ОСТ. ПУНКТ 147 КМ                     
5470,ИЗМАЛКОВО                             
5077,ОСТ. ПУНКТ 157 КМ                     
5145,ЛОПАТИНО                              
4908,ОСТ. ПУНКТ 168 КМ                     
4151,КАЗАКИ                                
4061,ПИОНЕРЛАГЕРЬ                          
5839,ПАЖЕНЬ                                
2970,ОСТ. ПУНКТ 186 КМ                     
4294,ОСТ. ПУНКТ 188 КМ                     
1897,РУССКИЙ БРОД                          
1230,ОСТ. ПУНКТ 36 КМ                      
3664,ОСТ. ПУНКТ 43 КМ                      
6583,ЗДОРОВЕЦ                              
7627,ОСТ. ПУНКТ 49 КМ                      
9228,ОСТ. ПУНКТ 54 КМ                      
2118,ПЛАТФОРМА 52 КМ                       
5421,ЛИВНЫ I                               
7892,ЛИВНЫ II                              
5900,ОСТ. ПУНКТ 69 КМ                      
1700,КОРОТЫШ                               
1882,ОСТ. ПУНКТ 81 КМ                      
8620,ОСТ. ПУНКТ 84 КМ                      
1110,ОПЫТНОЕ ПОЛЕ                          
4002,СТУДЕНЫЙ                              
2351,ОСТ. ПУНКТ 100 КМ                     
8196,ДОЛГАЯ                                
1888,РОГОЗИНСКАЯ                           
6650,ОСТ. ПУНКТ 125 КМ                     
5918,РЫБНОЕ ПАРК-А                         
5125,РЫБНОЕ                                
8772,ХОДЫНИНО                              
3100,ПУТЕВОЙ ПОСТ 59 КМ                    
5788,РЯЗАНЬ-СОРТИРОВОЧНАЯ                  
1940,БЛОКПОСТ 187 КМ                       
6293,НЕДОСТОЕВО                            
3510,ГУСЕВСКАЯ                             
3619,РЫБНОЕ-ПАСС-АД                        
3093,ДЕПО                                  
2534,ПЛАТФОРМА 189 КМ                      
1986,РЫБНОЕ-П6                             
4047,РЫБНОЕ-П8                             
4479,РЫБНОЕ-М                              
8752,РЫБНОЕ-П5                             
5225,РЫБНОЕ-П7                             
2903,РЫБНОЕ-Ч                              
2745,РЫБНОЕ-ПАРК Д                         
8885,ДЯГИЛЕВО                              
8996,ЛАГЕРНЫЙ                              
6359,ПАВЛОВСКИЙ ПОСТ                       
2313,РЯЗАНЬ I                              
1251,ПЛАТФОРМА 203 КМ                      
5583,РЯЗАНЬ I-Д                            
1360,ЛЕСОК                                 
4262,ОСТ. ПУНКТ 210 КМ                     
7845,ТУРЛАТОВО                             
8567,ЗЕЛЕНОВО                              
4480,ЛИСТВЯНКА                             
3755,ОСТ. ПУНКТ 227 КМ                     
9724,ОСТ. ПУНКТ 231 КМ                     
7407,ТЫСЬЯ                                 
7937,ПАХОТИНО                              
5935,ДУДКИНО                               
1675,ГАВЕРДОВО                             
9928,ВЫШГОРОД                              
7214,ОСТАНОВОЧНЫЙ ПУНКТ 229 КМ             
1255,ДАЧНАЯ                                
1864,ОСТ. ПУНКТ 252 КМ                     
7902,ЯСАКОВО                               
8509,ПРОНЯ                                 
3726,ОСТ. ПУНКТ 270 КМ                     
7068,НОВАЯ ПУСТЫНЬ                         
4586,ПЕРКИНО                               
8873,ПЕРЕВЛЕС                              
4291,ОСТ. ПУНКТ 267 КМ                     
2645,ШЕЛУХОВО                              
3647,ЗАДУБРОВЬЕ                            
3512,ОСТ. ПУНКТ 289 КМ                     
3334,КРУТИЦЫ                               
8625,ОСТ. ПУНКТ 306 КМ                     
8047,ШИЛОВО                                
2124,БОРОК                                 
6276,ТЫРНИЦА                               
4367,ВАНЧУР                                
8833,ОСТ. ПУНКТ 322 КМ                     
3489,АЛЕКСАНДРОВКА                         
7293,УШИНСКИЙ                              
5185,НЕКРАСОВКА                            
3049,ОРЕХОВКА                              
9222,КАРЬЕРА                               
8637,ОСТ. ПУНКТ 331 КМ                     
1368,АДЕЛИНО                               
8711,ИЛЕБНИКИ                              
2316,ПОЧИНКИ                               
6751,ШЕМЯКИНО                              
6860,ЧУФИСТОВКА                            
5854,МЫШЦА                                 
8494,ШОСТЬЕ                                
8020,ЧИНУР                                 
5832,ЛОМ                                   
5331,КАСИМОВ                               
1739,НАЗАРОВКА                             
7141,ЧУЧКОВО                               
5821,ОСТ. ПУНКТ 350 КМ                     
8205,УНКОСОВО                              
2046,НИЖНЕМАЛЬЦЕВО                         
3480,ОСТ. ПУНКТ 365 КМ                     
5926,СОТНИЦЫНО                             
4418,ОСТ. ПУНКТ 376 КМ                     
9251,ОСТ. ПУНКТ 379 КМ                     
6466,САСОВО                                
8973,ПЛАТФОРМА 383 КМ                      
8066,ОСТ. ПУНКТ 384 КМ                     
2398,ПЛАТФОРМА 386 КМ                      
4387,БЕРЕСТЯНКИ                            
4380,ПЛАТФОРМА 391 КМ                      
3774,ПЛАТФОРМА 395 КМ                      
4647,ТАИРОВКА                              
5282,ОСТ. ПУНКТ 404 КМ                     
5154,КУСТАРЕВКА                            
3904,КУСТАРЕВКА САИПС                      
2147,РАЗЪЕЗД 9 КМ                          
6747,РАЗЪЕЗД 15 КМ                         
3012,ОСТ. ПУНКТ 21 КМ                      
3879,ОСТ. ПУНКТ 25 КМ                      
8221,СВЕЖЕНЬКАЯ                            
5505,ИЗВЕСТЬ                               
7087,ВЫША                                  
6569,ПОСТ 209 КМ                           
7819,РЯЗАНЬ II                             
5420,БЛОКПОСТ 204 КМ                       
1808,ПЛАТФОРМА 210 КМ                      
2376,СТЕНЬКИНО I                           
2472,ОСТ. ПУНКТ 216 КМ                     
5435,РЯЗАНЬ-ОКА-ПРИСТАНЬ                   
6961,РЯЗАНЬ-ОКА-ПРИСТАНЬ (ПЕРЕВ.)          
4745,СТЕНЬКИНО II                          
3446,ДЕНЕЖНИКОВО                           
2940,ПЛАТФОРМА 226 КМ                      
4395,ШЕВЦОВО                               
9265,СТАРОЖИЛОВО                           
7271,ОСТАНОВОЧНЫЙ ПУНКТ 249 КМ             
2342,ОСТАНОВОЧНЫЙ ПУНКТ 237 КМ             
2642,ХРУЩЕВО                               
8114,ЧЕМОДАНОВКА                           
9680,ОСТ. ПУНКТ 282 КМ                     
2553,БИРКИНО                               
6318,КОРАБЛИНО                             
6680,ПЛАТФОРМА 293 КМ                      
4654,ПОДВИСЛОВО                            
4664,ОСТ. ПУНКТ 303 КМ                     
5175,ПЛАТФОРМА 308 КМ                      
3145,РЯЖСК I                               
1296,БЛОКПОСТ 315 КМ                       
3226,РЯЖСК II                              
4130,РЯЖСК II САИПС                        
2030,БЛОКПОСТ 315 КМ (САИПС)               
5019,УЗЛОВАЯ-I-НЕЧ                         
5966,УЗЛОВАЯ I                             
8831,РУДНЕВО                               
1660,ДЕПО                                  
4312,УЗЛОВАЯ II                            
8626,БЛОКПОСТ 217 КМ                       
6866,УЗЛОВАЯ III                           
7183,ПРИЛЕСЬЕ                              
1557,ПОЛУНИНО                              
5271,ЖДАНКА                                
1141,ОСТ. ПУНКТ 255 КМ                     
5986,ТОВАРКОВО                             
9188,ОСТ. ПУНКТ 268 КМ                     
5140,МАЛЕВКА                               
9877,ОСТ. ПУНКТ 278 КМ                     
1761,ВОЛОВО САИПС                          
7447,ВОЛОВО                                
6797,ОСТ. ПУНКТ 290 КМ                     
7104,ОСТ. ПУНКТ 293 КМ                     
1900,КАРАСИ                                
9901,ОСТ. ПУНКТ 305 КМ                     
7714,КАРАСИ                                
4409,ТУРДЕЙ                                
4997,ОСТ. ПУНКТ 313 КМ                     
1087,НЕПРЯДВА                              
9069,МАЛАЯ АНДРЕЕВКА                       
7428,ОСТ. ПУНКТ 325 КМ                     
1909,БУРЕЛОМ                               
5326,ОСТ. ПУНКТ 332 КМ                     
6070,ОСТ. ПУНКТ 335 КМ                     
6976,ЕФРЕМОВ                               
9457,ЕФРЕМОВ САИПС                         
7110,ПРОМГИПСОВАЯ                          
7889,БОБРИК-ДОНСКОЙ                        
1597,ОСТ. ПУНКТ 23 КМ                      
5436,СБОРНАЯ-УГОЛЬНАЯ                      
7660,НОВОМОСКОВСКАЯ I                      
1578,УРВАНКА                               
2043,МОСКОВСКАЯ                            
4120,АЭРОЗОЛЬНЫЙ                           
7240,АНИЛИНОВАЯ                            
2683,КЛЮЧЕВКА                              
1399,НОВОМОСКОВСКАЯ II                     
2581,ГРЭС                                  
5043,ХИМКОМБИНАТ                           
8727,ЗАВОДСКОЙ ПАРК                        
7375,СЕВЕРНАЯ                              
9863,МАКЛЕЦ                                
4124,ПОСТ 210 КМ                           
5045,ПОСТ 205 КМ                           
4779,ГРИЦОВО                               
1279,ОСТ. ПУНКТ 193 КМ                     
7903,ОЛЬХОВКА                              
9209,ОСТ. ПУНКТ 180 КМ                     
4579,ВЕНЕВ                                 
6405,ОСТ. ПУНКТ 166 КМ                     
8505,ОСТ. ПУНКТ 163 КМ                     
2713,НАСТАСЬИНО                            
9506,ОСТ. ПУНКТ 156 КМ                     
8789,ПЛАТФОРМА 168 КМ                      
3239,МОРДВЕС                               
2330,ОСТ. ПУНКТ 142 КМ                     
3563,ОСТ. ПУНКТ 137 КМ                     
5820,ПЧЕЛОВОДНОЕ                           
7021,ОСТ. ПУНКТ 126 КМ                     
7457,ОСТ. ПУНКТ 123 КМ                     
6840,КИМОВСК                               
2564,ВОДБОЛЬСКОЕ                           
1389,ГРАНКИ                                
5743,ЛЬВОВО                                
8826,ОСТ. ПУНКТ 393 КМ                     
7944,ОСТ. ПУНКТ 6 КМ                       
3348,ОСТАНОВОЧНЫЙ ПУНКТ 10 КМ              
2478,ОВЧАРОВКА                             
4107,КЛЕКОТКИ                              
8328,МИЛЛИОННАЯ                            
5458,РАЗЪЕЗД 422 КМ                        
7539,ПАВЕЛЕЦ-СЫЗРАНСКИЙ                    
5984,ОСТ. ПУНКТ 431 КМ                     
3024,ЛАЗИНКА                               
4949,ВОСЛЕБОВО                             
2568,ОСТАНОВОЧНЫЙ ПУНКТ 442 КМ             
8445,СКОПИН                                
5434,БРИКЕТНАЯ                             
4224,ОСТ. ПУНКТ 464 КМ                     
4227,ЖЕЛТУХИНО                             
3108,ГОВОРОВО                              
9532,ПАВЕЛЕЦ САИПС                         
6484,ПАВЕЛЕЦ-ТУЛЬСКИЙ                      
7571,КРЕМЛЕВО                              
1712,МШАНКА                                
5256,КАТИНО                                
9008,ВОЛШУТА                               
9578,ЛУЖКОВСКАЯ                            
8623,ГОЛДИНО                               
2887,БОЯРИНЦЕВО                            
7251,МИХАЙЛОВ                              
2089,ДОНЦЫ                                 
6024,ЦЕМЕНТНАЯ                             
4787,ВИЛЕНКИ                               
1995,КОРАБЛЕВКА                            
5592,ТРЕПОЛЬЕ                              
6956,СЕРЕБРЯНЫЕ ПРУДЫ                      
4632,ДУДИНО-СЕРЕБРЯНОЕ                     
1286,ОСТ. ПУНКТ 162 КМ                     
3422,ВАЛИЩЕВО                              
7702,УЗУНОВО                               
7423,КОРОВИНО                              
4831,ОСТ. ПУНКТ 146 КМ                     
2085,ОСТ. ПУНКТ 60 КМ                      
6950,ЛАТЫГОРЫ                              
3369,ОСТ. ПУНКТ 152 КМ                     
2710,РАЗЪЕЗД 7 КМ                          
5206,РАЗЪЕЗД 12 КМ                         
2714,РАЗЪЕЗД 18 КМ                         
3496,РАЗЪЕЗД 22 КМ                         
8693,РАЗЪЕЗД 47 КМ                         
5030,МАКЕЕВО-МОСКОВСКОЕ                    
9992,ВЕРЕЙКИНО                             
2746,ЖОКОВО                                
5079,ЛОШАТОВКА                             
9257,КЛЕМОВО                               
3732,РАЗЪЕЗД 24 КМ                         
4394,РАЗЪЕЗД 28 КМ                         
3628,РАЗЪЕЗД 35 КМ                         
8841,ОСТ. ПУНКТ 53 КМ                      
1134,ОСТ ПУНКТ 56 КМ                       
3846,БОГАТИЩЕВО                            
4742,ТОПКАНОВО                             
2558,ОСТ. ПУНКТ 137 КМ                     
1219,ПУРЛОВО                               
5177,ОСТ. ПУНКТ 131 КМ                     
6184,БЛОКПОСТ 123 КМ                       
4390,ОЖЕРЕЛЬЕ                              
9235,ОСТ. ПУНКТ 121 КМ                     
2934,ОРЕХОВО-ЗУЕВО                         
2756,КРУТОЕ                                
8877,ВОИНОВО                               
1387,ОРЕХОВО-ЗУЕВО-ПАРК А                  
7864,ПУТ. ПОСТ 97 КМ                       
6182,ОРЕХОВО-ЗУЕВО-ПАРК В                  
9495,ОРЕХОВО-ЗУЕВО-ПАРК Т                  
8443,ОРЕХОВО-ЗУЕВО-ПАРК Д                  
5268,ОРЕХОВО-ЗУЕВО-ПАРК У                  
9374,ОРЕХОВО-1                             
2509,РЕУТОВО                               
3118,НИКОЛЬСКОЕ                            
4819,САЛТЫКОВСКАЯ                          
1953,КУЧИНО                                
1297,ОРЕХОВО-ЗУЕВО-П                       
6094,ОРЕХОВО-ЗУЕВО-Ч                       
6985,ОРЕХОВО-ЗУЕВО-ЧВ                      
7393,СТРОЙКА                               
2336,ГОРЕНКИ                               
8949,БАЛАШИХА                              
4198,ЖЕЛЕЗНОДОРОЖНАЯ                       
4171,ЧЕРНОЕ                                
9518,ЗАРЯ                                  
6312,КУПАВНА                               
7802,ОСТ. ПУНКТ 33 КМ                      
7097,ЭЛЕКТРОУГЛИ                           
7242,ПЛАТФОРМА 43 КМ                       
9259,ХРАПУНОВО                             
6134,ЕСИНО                                 
4276,ФРЯЗЕВО                               
4407,КАЗАНСКОЕ                             
1372,ВОХНА                                 
1055,МЕТАЛЛУРГ                             
3577,ЭЛЕКТРОСТАЛЬ                          
7310,МАШИНОСТРОИТЕЛЬ                       
9995,НОГИНСК-ЧЕТ                           
9585,НОГИНСК                               
7378,ЗАХАРОВО                              
3700,ПАВЛОВСКИЙ ПОСАД                      
2988,НАЗАРЬЕВО                             
1073,ЛЕНСКАЯ                               
4887,КОВРИГИНО                             
2425,ОСТ. ПУНКТ 14 КМ                      
6744,ЭЛЕКТРОГОРСК                          
3914,КАБАНОВО                              
1040,ОСТ. ПУНКТ 87 КМ                      
7549,ДРЕЗНА                                
9310,УСАД                                  
5335,ГЛУБОКОВО                             
8432,ПОКРОВ                                
8280,ПЛАТФОРМА 113 КМ                      
3278,ОМУТИЩЕ                               
1744,ЛЕОНОВО                               
3897,ДУЛЕВО                                
9302,РУНОВО                                
2136,ДУЛЕВО-НЕЧ                            
3227,ПЛАТФОРМА 122 КМ                      
6261,ЦЕНТРАЛЬНЫЙ БП                        
2029,ДЕПО                                  
5068,СЕВЕРНЫЙ                              
1388,ДУЛЕВО-П                              
5717,ДАВЫДОВО                              
8583,ДАВЫДОВО-НЕЧ                          
6709,КУРОВСКАЯ                             
4651,ОСТ. ПУНКТ 95 КМ                      
6913,НЕРСКАЯ                               
2315,ОСТ. ПУНКТ 90 КМ                      
8865,АВСЮНИНО                              
8442,ЗАПОЛИЦЫ                              
2055,ЗАПУТНАЯ                              
6057,ШАТУРТОРФ                             
2592,ШАТУРА                                
8898,БОТИНО                                
4347,КРИВАНДИНО                            
2016,ТУГОЛЕСЬЕ                             
3282,ВОЙМЕЖНЫЙ                             
8696,ПОЖОГА                                
8048,ОСТ. ПУНКТ 29 КМ                      
5231,ОСАНОВО                               
5336,ОСТАНОВОЧНЫЙ ПУНКТ 15 КМ              
6117,БАРМИНО                               
2869,САЗОНОВО                              
3803,ОСТ. ПУНКТ 47 КМ                      
7934,РЯЗАНОВКА                             
6379,СОРОКОВОЙ БОР                         
7509,ПИЛЕВО                                
6506,ВОЙМЕЖНЫЙ                             
7609,ЧЕРУСТИ                               
2409,ЧЕРУСТИ САИПС                         
5518,ПЛАТФОРМА 32 КМ                       
7813,ЕГОРЬЕВСК II                          
8127,РУДНИКОВСКАЯ                          
5651,БЕРЕНДИНО                             
9344,ЛОПАТИНО                              
4039,ИЛЬИНСКИЙ ПОГОСТ                      
6850,ЕГОРЬЕВСК I                           
3122,ХОРЛОВО                               
7516,ПОСТ 13 КМ                            
4634,ВОСКРЕСЕНСК                           
8177,ШИФЕРНАЯ                              
5727,МОСКВОРЕЦКАЯ                          
2734,ЦЕМГИГАНТ                             
5509,БЛОКПОСТ 61 КМ                        
7153,ПЕСКИ                                 
4478,КОНЕВ БОР                             
1252,ХОРОШЕВО                              
4012,ПЛАТФОРМА 113 КМ                      
4556,КОЛОМНА                               
8131,ГОЛУТВИН                              
7760,БАЧМАНОВО                             
5826,РАЗЪЕЗД 6 КМ                          
1710,СЫЧЕВО                                
9833,ЛЫСЦОВСКАЯ                            
9788,СЕМЕНОВСКИЙ                           
9882,ПЛАТФОРМА 18 КМ                       
6539,КАРАСЕВО                              
2357,КУДРЯВЦЕВО                            
8068,ДАНИЛОВСКАЯ                           
6734,ОСТ. ПУНКТ 30 КМ                      
6511,ОСТ. ПУНКТ 38 КМ                      
3341,ОЗЕРЫ                                 
7587,ЩУРОВО                                
4956,ПЕРОЧИ                                
2186,ЧЕРНАЯ                                
7722,ПЛАТФОРМА 132 КМ                      
9836,ЛУХОВИЦЫ                              
1585,ПЛАТФОРМА 142 КМ                      
9468,ПОДЛИПКИ                              
4235,ПЛАТФОРМА 8 КМ                        
8417,САРЫБЬЕВО                             
9742,МЕЛЬГУНОВО                            
9007,ПРУДКИ                                
2343,ЗАРАЙСК                               
4900,ФРУКТОВАЯ                             
8988,АЛПАТЬЕВО                             
5598,СЛЕМЫ                                 
5368,ИСТОДНИКИ                             
2595,ДИВОВО                                
2081,ПЛАТФОРМА 179 КМ                      
9778,МЫТИЩИ                                
1347,СТРОИТЕЛЬ                             
9675,ЧЕЛЮСКИНСКАЯ                          
1260,ТАРАСОВСКАЯ                           
5528,КЛЯЗЬМА                               
1437,МАМОНТОВСКАЯ                          
4090,ДИНАМО                                
2802,ПОБЕДА                                
9641,ПИРОГОВО                              
9329,ПОДЛИПКИ-ДАЧНЫЕ                       
1128,БОЛШЕВО                               
3571,ВАЛЕНТИНОВКА                          
9553,ЗАГОРЯНСКАЯ                           
7383,ФАБРИКА 1 МАЯ                         
5469,ЗЕЛЕНЫЙ БОР                           
3141,ИВАНТЕЕВКА II                         
5555,ИВАНТЕЕВКА                            
2944,ДЕТСКАЯ                               
8500,ФРЯЗИНО                               
7258,ФРЯЗИНО-ПАССАЖИРСКАЯ                  
9962,СОКОЛОВСКАЯ                           
4021,ВОРОНОК                               
6722,ЩЕЛКОВО                               
4544,ГАГАРИНСКАЯ                           
9937,ЧКАЛОВСКАЯ                            
6907,БАХЧИВАНДЖИ                           
8981,ЦИОЛКОВСКАЯ                           
1021,ОСЕЕВСКАЯ                             
4830,МОНИНО                                
9953,КАШИНО                                
2888,КОЛОНТАЕВО                            
7495,ОСТ. ПУНКТ 64 КМ                      
1370,ПУШКИНО                               
2367,ЗАВЕТЫ ИЛЬИЧА                         
8151,ПРАВДА                                
7784,ЗЕЛЕНОГРАДСКАЯ                        
3880,ОСТ. ПУНКТ 43 КМ                      
7974,СОФРИНО-НЕЧ                           
3444,СОФРИНО                               
9357,АШУКИНСКАЯ                            
2590,КАЛИСТОВО                             
3565,РАДОНЕЖ                               
6889,АБРАМЦЕВО                             
2829,КРАСНОАРМЕЙСК                         
6731,СОФРИНО II                            
7963,РАХМАНОВО                             
8238,ФЕДОРОВСКОЕ                           
9300,ПУТИЛОВО                              
1858,ХОТЬКОВО                              
7968,СЕМХОЗ                                
4690,СЕРГИЕВ ПОСАД                         
7852,ОСТ. ПУНКТ 76 КМ                      
1349,ПОСТ 81 КМ                            
3472,ОСТ. ПУНКТ 83 КМ                      
5095,КОСТИНО                               
6038,ОСТ. ПУНКТ 61 КМ                      
4694,ЖЕЛТИКОВО                             
4539,ОСТ. ПУНКТ 47 КМ                      
3207,БУБЯКОВО                              
9031,ОСТ. ПУНКТ 39 КМ                      
4588,НАУГОЛЬНЫЙ                            
6670,БУЖАНИНОВО                            
4185,ОСТ. ПУНКТ 90 КМ                      
7259,АРСАКИ                                
5193,СТРУНИНО                              
6580,БЛОКПОСТ 108КМ                        
6342,АЛЕКСАНДРОВ                           
3127,АЛЕКСАНДРОВ II                        
3675,АЛЕКСАНДРОВ САИПС                     
9551,КАРАБАНОВО                            
1665,ОСТ. ПУНКТ 126 КМ                     
4935,КАРАБАНОВО                            
6633,БЕЛЬКОВО                              
2032,ОСТ. ПУНКТ 138 КМ                     
7862,БЕЛЬКОВО САИПС                        
7285,КИРЖАЧ                                
7413,ИЛЕЙКИНО                              
4739,ОСТ. ПУНКТ 157 КМ                     
6509,ОСТ. ПУНКТ 168 КМ                     
7758,ВЕТЧИ                                 
3896,ОСТ. ПУНКТ 178 КМ                     
7592,ОСТ. ПУНКТ 173 КМ                     
9547,САНИНО                                
4005,ПОТОЧИНО                              
6990,ПЛАТФОРМА 185 КМ                      
5615,ПОТОЧИНО-М                            
9283,МАРК                                  
9221,НОВОДАЧНАЯ                            
1075,ДОЛГОПРУДНАЯ                          
3436,ВОДНИКИ                               
3139,ХЛЕБНИКОВО                            
4965,ШЕРЕМЕТЬЕВСКАЯ                        
6374,АЭРОПОРТ ШЕРЕМЕТЬЕВО                  
7605,ЛОБНЯ                                 
9215,ДЕПО                                  
9118,ЛУГОВАЯ                               
8983,НЕКРАСОВСКАЯ                          
6181,КАТУАР                                
5547,ТРУДОВАЯ                              
2268,ИКША                                  
8373,МОРОЗКИ                               
1805,ТУРИСТ                                
4298,ОСТ. ПУНКТ 109 КМ                     
4890,ОСТ. ПУНКТ 115 КМ                     
1334,ОСТ. ПУНКТ 120 КМ                     
4547,БУХАРОВО                              
4967,ОСТ. ПУНКТ 128 КМ                     
2436,ПОВАРОВО II                           
4063,ОСТ. ПУНКТ 136 КМ                     
5333,ЯХРОМА                                
7018,ВСПОМОГАТЕЛЬНЫЙ ПОСТ 87 КМ            
5593,ИВАНЦЕВО                              
9364,ПЛАТФОРМА 80 КМ                       
9838,ДРАЧЕВО                               
1614,ОСТ. ПУНКТ 74 КМ                      
9178,ОСТ. ПУНКТ 71 КМ                      
9727,ОСТ. ПУНКТ 69 КМ                      
1085,ДМИТРОВ                               
9692,КАНАЛСТРОЙ                            
9911,ИМ. БАРСУЧЕНКО                        
4498,ОРУДЬЕВО                              
7200,БЕЛЫЙ РАСТ                            
6981,ДМИТРОВ (ПЕРЕВ.)                      
9319,ВЕРБИЛКИ                              
6529,ОСТ. ПУНКТ 94 КМ                      
1765,ВЛАСОВО                               
4941,СОРЕВНОВАНИЕ                          
7456,ЗАПРУДНАЯ                             
2530,ТЕМПЫ                                 
7558,МЕЛЬДИНО                              
3591,ОСТ. ПУНКТ 122 КМ                     
1722,ОСТ. ПУНКТ 119 КМ                     
5018,БОЛЬШАЯ ВОЛГА                         
1088,ДУБНА                                 
1477,ТАЛДОМ-САВЕЛОВСКИЙ                    
7073,ОСТ. ПУНКТ 124 КМ                     
9717,ЛЕБЗИНО                               
1894,БОЛЬШАЯ ВОЛГА (ЭКСП.)                 
8458,МУРОМ I                               
8560,МУРОМ II                              
2985,ГОРОДСКАЯ                             
1779,ПРИОКСКИЙ                             
5937,ПЛАТФОРМА 284 КМ                      
9705,СТРОЙДЕТАЛЬ                           
6350,ПЛАТФОРМА 10 КМ                       
2000,ОСТ. ПУНКТ 15 КМ                      
3410,БУРЦЕВСКАЯ                            
5947,СУСАНОВСКАЯ                           
1657,БЕЗЛЕСНАЯ                             
2229,ПЛАТФОРМА 32 КМ                       
2626,ОСТ. ПУНКТ 34 КМ                      
5309,ВЫСОКОВО                              
6018,ЮРОМКА                                
8249,СЕЛИВАНОВО                            
2067,ОСТ. ПУНКТ 55 КМ                      
7044,ВОЛОСАТАЯ                             
5946,ПЛАТФОРМА 67 КМ                       
6392,ОСТ. ПУНКТ 17 КМ                      
4303,НЕРУДНАЯ                              
9107,ТЮРМЕРОВСКАЯ                          
3017,ЛЕБЕДЕВО                              
8766,ПЕРЕДЕЛ                               
8910,СУДОГДА                               
7712,СУДОГДА                               
7221,ВОСХОД                                
3612,ПЛАТФОРМА 80 КМ                       
6058,ЭСИНО                                 
8367,ПЛАТФОРМА 89 КМ                       
9596,ОСТ. ПУНКТ 92 КМ                      
5604,КОВРОВ-ГРУЗОВОЙ                       
9794,ОСТ. ПУНКТ 102 КМ                     
6387,РАЗЪЕЗД 107 КМ                        
7875,ВЕКОВКА-ЧЕТНЫЙ ПАРК                   
2412,ВЕКОВКА                               
2892,ВЕКОВКА-НЕЧЕТНАЯ САИПС                
5706,ВЕКОВКА-ЧЕТНАЯ САИПС                  
1692,ВАРСКИЕ (УЗК)                         
1815,ТУМСКАЯ                               
3898,ОСТ. ПУНКТ 112 КМ                     
7570,ГУРЕЕВСКИЙ (УЗК)                      
6944,ПЛАТФОРМА 9 КМ (УЗК)                  
7360,ПЛАТФОРМА 14 КМ (УЗК)                 
4354,КУРША (УЗК)                           
9039,ВЕЛИКОДВОРЬЕ                          
8850,ДУБРОВСКИЙ                            
1621,КУРЛОВО                               
7177,ОКАТОВО                               
1342,ОСТ. ПУНКТ 71 КМ                      
5632,ОСТ. ПУНКТ 77 КМ                      
7164,ГУСЬ-ХРУСТАЛЬНЫЙ                      
6454,ОСТ. ПУНКТ 56 КМ                      
3728,КОМИССАРОВКА                          
2815,ПЛАТФОРМА 46 КМ                       
8099,ОСТ. ПУНКТ 42 КМ                      
9454,ОСТ. ПУНКТ 30 КМ                      
3850,НЕКЛЮДОВО                             
9314,ГОЛОВИНО                              
5775,ОСТ. ПУНКТ 18 КМ                      
8402,ГОЛОВИНО                              
1484,УЛЫБЫШЕВО                             
5246,ПЛАТФОРМА 10 КМ                       
7788,ВЛАДИМИР-Р САИПС                      
8032,ОСТ. ПУНКТ 12 КМ                      
7794,ТАСИН                                 
6575,СТРУЯ                                 
5676,МИЛЬЦЕВО                              
1455,ИЛЬИЧЕВ                               
1959,ТОРФОПРОДУКТ                          
9448,НЕЧАЕВСКАЯ                            
3811,ЗАКОЛПЬЕ                              
9128,ЗОЛОТКОВСКИЙ                          
9080,ПЛАТФОРМА 232 КМ                      
3572,АЛФЕРОВО                              
7128,ДОБРЯТИНО                             
3720,МАКСИМОВСКИЙ                          
6343,МЕЛЕНКИ                               
2112,ЗЛОБИНО                               
6915,ВЕРХОУНЖА                             
8980,БУТЫЛИЦЫ                              
8582,ЗИМНИЦЫ                               
6192,ЛЕВИНО                                
3785,КОНДАКОВО                             
6706,ПАПУЛИНО                              
9446,АМОСОВО                               
6963,ПРОСИНСКОЕ                            
5842,СТРИГИНО                              
5429,КОЛЬДИНО                              
5226,НАВАШИНО                              
9660,ПЛАТФОРМА 306 КМ                      
6049,ВЕЛЕТЬМА                              
9852,СОНИНО                                
6103,РОДЯКОВО                              
8440,ОСТ. ПУНКТ 324 КМ                     
4447,ВАЛТОВО                               
3315,СТЕПУРИНО                             
3338,ТЕША                                  
2793,ВЕРДЕЕВКА                             
7009,ВЕНЕЦ                                 
3543,САКОНЫ                                
8383,МУХТОЛОВО                             
1497,ЛИЧАДЕЕВО                             
6969,БАЛАХОНИХА                            
1544,МАЯК                                  
8132,ОСТ. ПУНКТ 386 КМ                     
6845,ШУМЛЕЙКА                              
9823,СЛЕЗАВКА                              
9361,ОСТ. ПУНКТ 408 КМ                     
7916,ОСТ. ПУНКТ 409 КМ                     
2520,КОСТЫЛИХА                             
8290,ОСТ. ПУНКТ 393 КМ                     
6308,ОСТ. ПУНКТ 404 КМ                     
2696,АРЗАМАС II-ЧЕТНЫЙ САИПС               
9084,АРЗАМАС II                            
4841,ТРАКТОВЫЙ-АРЗАМАССКИЙ                 
5634,ЩЕДРОВКА                              
6131,АРЗАМАС II-НЕЧЕТНЫЙ САИПС             
1609,АРЗАМАС II НЕЧЕТНЫЙ                   
6130,БОБЫЛЬСКАЯ                            
7465,ВАДОК                                 
4483,РЕВЕЗЕНЬ                              
2114,ВАДОКСКИЙ КАРЬЕР                      
3007,ОСТ. ПУНКТ 456 КМ                     
7983,ПЕРЕВОЗСКАЯ                           
3587,КЕМАРЫ                                
6711,СМАГИНО                               
4681,КАМЕНИЩЕ                              
2917,ОСТ. ПУНКТ 498 КМ                     
3793,КАМКИНО                               
4323,ОСТ. ПУНКТ 512 КМ                     
4113,ТАРТАЛЕЙ                              
5065,СЕРГАЧ                                
5446,АЧКА                                  
9061,ОСТ. ПУНКТ 538 КМ                     
3281,АНДОСОВО                              
1478,ЮМОРГА                                
4243,ПИЛЬНА                                
5149,КУМАШКА                               
6787,КНЯЖИХА                               
8081,ОСТ. ПУНКТ 568 КМ                     
1108,ОСТ. ПУНКТ 583 КМ                     
1948,ШУМЕРЛЯ                               
5951,МЫСЛЕЦ                                
4079,ОСТ. ПУНКТ 601 КМ                     
7142,ОСТ. ПУНКТ 604 КМ                     
5927,ПИНЕР                                 
6540,ОСТ. ПУНКТ 614 КМ                     
6498,ЧАРКЛИ                                
1098,ОСТ. ПУНКТ 623 КМ                     
8504,ВУРНАРЫ                               
5614,ОСТ. ПУНКТ 632 КМ                     
2104,АПНЕРКА                               
2289,ОСТ. ПУНКТ 645 КМ                     
1717,АЧАКС                                 
9610,ОСТ. ПУНКТ 652 КМ                     
2169,МОКРЫ                                 
3610,ОСТ. ПУНКТ 661 КМ                     
3546,ОСТ. ПУНКТ 641 КМ                     
5277,КАНАШ-ЧЕТНЫЙ САИПС                    
9635,АРЗАМАС I                             
9700,ПЕШЕЛАНЬ                              
5209,ШАТКИ                                 
2572,ПОЯ                                   
5303,ЛЕСОГОРСК                             
7485,САТИС                                 
4359,БЕРЕЩИНО                              
7226,ПЕРВОМАЙСК-ГОРЬКОВСКИЙ                
8542,ЛУКОЯНОВ                              
4293,ВЕСЕЛЕЙ                               
8742,НИКОЛАЙ-ДАР                           
6800,РАЗИНСКАЯ                             
5003,АРЗИНКА                               
9486,УЖОВКА                                
5473,КЕНДЯ                                 
9918,ОСТ. ПУНКТ 97 КМ                      
8165,КЕМЛЯ                                 
9716,ОСТ. ПУНКТ 91 КМ                      
8130,ОБРОЧНОЕ                              
2156,ОСТ. ПУНКТ 82 КМ                      
7178,ОСТ. ПУНКТ 76 КМ                      
2543,АТЬМА                                 
3152,ПЛАТФОРМА 67 КМ                       
7755,ОСТ. ПУНКТ 63 КМ                      
7165,ОСТ. ПУНКТ 60 КМ                      
2800,КРАСНЫЙ УЗЕЛ САИПС                    
1236,КРАСНЫЙ УЗЕЛ                          
9379,САХАРНЫЙ ЗАВОД                        
4044,КОЧУНОВО                              
5579,РЕЙТАРСКИЙ                            
1682,РЕМЕЗЕНКИ                             
1825,ОГАРЕВКА                              
3087,РОМОДАНОВСКИЙ                         
3775,ЧАМЗИНКА                              
3441,ОСТ. ПУНКТ 98 КМ                      
1176,НУЯ                                   
7536,МАЧКАССЫ                              
1840,РАЗЪЕЗД 118 КМ                        
4332,АТЯШЕВО                               
6014,ОСТ. ПУНКТ 133 КМ                     
4710,БОБОЕДОВО                             
1924,РАЗЪЕЗД 148 КМ                        
8349,ОСТ. ПУНКТ 135 КМ                     
2467,АРДАТОВ                               
8212,СВЕТОТЕХНИКА                          
5856,БАСОВО                                
5716,АЛАТЫРЬ                               
5422,АЛТЫШЕВО                              
1806,РАЗЪЕЗД 199 КМ                        
8947,АТРАТ                                 
2181,ОСТ. ПУНКТ 215 КМ                     
6148,КИРЯ                                  
9240,РАЗЪЕЗД 235 КМ                        
4382,БУИНСК                                
1007,ОСТ. ПУНКТ 252 КМ                     
7070,ИБРЕСИ                                
4878,РАЗЪЕЗД 265 КМ                        
7034,РАЗЪЕЗД 275 КМ                        
7330,ЯНГЛИЧИ                               
3440,РАЗЪЕЗД 289 КМ                        
6695,ПОСТ ЭЦ                               
2424,ОП 670 КМ (КАНАШ ВХ.)                 
1685,КАНАШ ВОСТОЧНЫЙ                       
7900,КАНАШ                                 
7342,ПЛАТФОРМА 91 КМ                       
9891,МАЛЫЙ ЦИВИЛЬ                          
1244,АТЫКОВО                               
6952,ПЛАТФОРМА 74 КМ                       
4335,АЛЕШЕВО                               
2394,КИБЕЧИ                                
9420,ПЛАТФОРМА 684 КМ                      
1178,ОСТАНОВОЧНЫЙ ПУНКТ 98 КМ              
5639,ОСТАНОВОЧНЫЙ ПУНКТ 672  КМ            
4284,ТРАКИ                                 
1974,ОСТАНОВОЧНЫЙ ПУНКТ 672  КМ            
6894,ОСТ. ПУНКТ 98 КМ                      
5139,КАНАШ-НЕЧЕТНЫЙ САИПС                  
1119,ЦИВИЛЬСК                              
2411,ОСТ. ПУНКТ 46 КМ                      
8362,РАЗЪЕЗД 38 КМ                         
6482,ОСТ. ПУНКТ 32 КМ                      
2858,ОСТ. ПУНКТ 28 КМ                      
5430,ШОРКИНО                               
5954,ХОРНВАРЫ                              
3454,ЯНОРСОВО                              
3877,МИЖЕРЫ                                
9346,ЧЕБОКСАРЫ 2 (ПОСТ 9 КМ)               
4172,ИШЛЕЙ                                 
9390,ОСТ. ПУНКТ 6 КМ                       
2991,ЛАПСАРЫ                               
6552,ЧЕБОКСАРЫ                             
7152,ГРЕМЯЧЕВО                             
9295,НОВОЧЕБОКСАРСК                        
8630,БАТЕЕВО                               
5626,ЧУБАЕВО                               
7092,ШОРКИСТРЫ                             
3841,УРМАРЫ                                
5475,ТАНСАРИНО                             
1453,ЧЕШЛАМА                               
5921,ОСТ. ПУНКТ 722 КМ                     
9866,ТЮРЛЕМА                               
2554,ВОРОБЬЕВСКИЙ                          
7452,ШИРДАНЫ                               
3669,ПЛАТФОРМА 746 КМ                      
8191,СВИЯЖСК                               
9233,ОСТ. ПУНКТ 753 КМ                     
2303,ВОЛГА-ПОСТ                            
7057,ХОДЯШЕВО                              
7448,ОСТ. ПУНКТ 21 КМ                      
9023,БИШБАТМАН                             
3781,ПЛАТФОРМА 2 КМ                        
9594,ПЛАТФОРМА 4 КМ                        
4828,АЛБАБА                                
6775,КУБНЯ                                 
5007,УТЯШКИ                                
9365,ШУШЕРМА                               
1905,КУЛАНГА                               
2431,ОСТ. ПУНКТ 55 КМ                      
5806,КЛЮЧИ                                 
9629,КАРАТУН                               
6434,КИЛЬДУРАЗЫ                            
5829,ПЛАТФОРМА 95 КМ                       
3190,ЛОЩИ                                  
9813,БУА                                   
6489,БЮРГАНЫ                               
5476,БУРУНДУКИ                             
7641,ЕЛХОВО                                
6274,ЮДИНО                                 
1708,ОСТ. ПУНКТ 787 КМ                     
1254,ВРД                                   
3917,ЗАЙМИЩЕ                               
8618,ОБСЕРВАТОРИЯ                          
6413,ПЛАТФОРМА 774 КМ                      
5904,ОСТ. ПУНКТ 771 КМ                     
9729,ВОСТОЧНЫЙ ПАРК                        
1333,ЖБК                                   
2896,ЮДИНО ЗАПАДНЫЙ ПАРК                   
6861,СТАРОЕ АРАКЧИНО                       
7623,НОВОЕ АРАКЧИНО                        
7424,ЮДИНО-ЧЕТНЫЙ САИПС                    
8924,ЮДИНО ЗАПАДНЫЙ ПАРК ОБСЕРВАТОРИЯ      
5198,ЛАГЕРНАЯ                              
2936,ЛАГЕРНАЯ                              
7659,АДМИРАЛТЕЙСКАЯ СЛОБОДА                
5553,КАЗАНЬ                                
1193,КАЗАНЬ (ПЕРЕВ.)                       
2959,ТИХОРЕЦКАЯ                            
9684,ВАХИТОВО                              
5915,ОМЕТЬЕВО II                           
3395,БЕРЕЗОВАЯ РОЩА                        
4850,КОМБИНАТ                              
6072,ЮБИЛЕЙНАЯ                             
3505,СТОЛБИЩЕ                              
8628,АЭРОПОРТ                              
7985,ТИХОРЕЦКАЯ                            
9470,ЮДИНО-НЕЧЕТНЫЙ САИПС                  
4846,ОМЕТЬЕВО                              
6874,НОВАТОРОВ                             
2011,КОМПРЕССОРНЫЙ                         
3660,ВОССТАНИЕ                             
3036,ВОССТАНИЕ-ПАССАЖИРСКАЯ                
5267,ОСТ. ПУНКТ 795 КМ                     
7324,ЛЕВЧЕНКО                              
3860,ОСТ. ПУНКТ 797 КМ                     
3592,ДЕРБЫШКИ                              
7478,ПЛАТФОРМА 804 КМ                      
3985,ОСТ. ПУНКТ 807 КМ                     
9509,ВАСИЛЬЕВО                             
3419,АТЛАШКИНО                             
6236,ОСТ. ПУНКТ 766 КМ                     
8652,ЗЕЛЕНЫЙ ДОЛ                           
4674,ГАРИ                                  
8969,ПАРАТСК                               
9184,МАРБУМКОМБИНАТ                        
1937,КРАСНОЗАРИНСКИЙ                       
6660,ВОЛЖСК                                
8077,ПОМАРЫ                                
1610,ЯЛЬЧЕВСКИЙ                            
3084,ПЛАТФОРМА 32 КМ                       
2125,ИЛЕТЬ                                 
1853,ПЛАТФОРМА 43 КМ                       
8726,ШЕЛАНГЕР                              
1293,СУСЛОНГЕР                             
8343,КУНДЫШ                                
7049,СУРОК                                 
6929,ПЕМБА                                 
6602,ПЛАТФОРМА 92 КМ                       
2044,КУЯР                                  
3340,ЙОШКАР-ОЛА                            
5317,ОСТ. ПУНКТ 108 КМ                     
7098,АКСАМАТОВО                            
7861,НОЛЬКА                                
5862,ПЛАТФОРМА 126 КМ                      
2420,ПЛАТФОРМА 131 КМ                      
2069,НУЖЬЯЛЫ                               
1489,ОСТ. ПУНКТ 137 КМ                     
8123,ТУРША                                 
3250,ПЛАТФОРМА 151 КМ                      
5383,ТАБАШИНО                              
3714,ОСТ. ПУНКТ 165 КМ                     
5774,ОСТ. ПУНКТ 171 КМ                     
6440,ЗОБЕНКИ                               
6761,ЯРАНСК                                
8783,КЕНДЕРИ                               
4146,ВЫСОКАЯ ГОРА                          
4780,КАМЕНКА-САНАТОРИЙ                     
4607,КАЛИНИНО                              
5367,БИРЮЛИ                                
5576,ОСТ. ПУНКТ 823 КМ                     
4325,ЧЕПЧУГИ                               
4888,КУРКАЧИ                               
2717,ОСТ. ПУНКТ 835 КМ                     
8563,КАМАЕВО                               
7774,ЧУРИЛИНО                              
1150,ЧУЛПАНОВО                             
4369,ПЛАТФОРМА 849 КМ                      
7791,АРСК                                  
1943,ЧЕКУРЧА                               
3455,ОСТ. ПУНКТ 871 КМ                     
6017,КОРСА                                 
7202,ОСТ. ПУНКТ 880 КМ                     
3719,МИНДЮШ                                
9443,ПЛАТФОРМА 859 КМ                      
4994,ШЕМОРДАН                              
7347,ИШТУГАН                               
3944,КОИНСАР                               
8913,ОСТ. ПУНКТ 915 КМ                     
7515,СОСТАМАК                              
5146,БРАТЬЯ КОМАРОВЫ                       
2634,КУКМОР                                
5823,ОСТ. ПУНКТ 934 КМ                     
8223,ВЯТСКИЕ ПОЛЯНЫ                        
1552,ОСТ. ПУНКТ 942 КМ                     
9701,ЯМНОЕ                                 
4160,ЗАСТРУГ                               
2265,СОСНОВКА                              
3279,ОСТ. ПУНКТ 962 КМ                     
7835,КОЧЕТЛО                               
3192,КИЗНЕР                                
8664,ЯГУЛ                                  
2703,ОСТ. ПУНКТ 988 КМ                     
6742,ОСТ. ПУНКТ 993 КМ                     
3140,МУЛТАН                                
6269,САРКУЗ                                
1412,ОСТ. ПУНКТ 1007 КМ                    
6671,СЮГАИЛ                                
4189,ЛЮГА                                  
1527,ОСТ. ПУНКТ 1016 КМ                    
5049,ОСТ. ПУНКТ 1024 КМ                    
3566,САРДАН                                
5846,МОЖГА                                 
1859,ЧУМАЙТЛО                              
5428,ОСТ. ПУНКТ 1035 КМ                    
5704,ОСТ. ПУНКТ 1030 КМ                    
7973,ПЫЧАС                                 
5002,ОСТ. ПУНКТ 1050 КМ                    
4683,КАРАМБАЙ                              
5447,ОСТ. ПУНКТ 1055 КМ                    
6542,ОСТ. ПУНКТ 1060 КМ                    
1443,ГОЖНЯ                                 
6657,ОСТ. ПУНКТ 1079 КМ                    
6719,УРОМ                                  
2809,ОСТ. ПУНКТ 1072 КМ                    
9474,ОСТ. ПУНКТ 1083 КМ                    
8960,АГРЫЗ-ЧЕТНЫЙ САИПС                    
8658,АГРЫЗ ПАРК ПРИЕМА                     
8340,АГРЫЗ САИПС Ю                         
8963,АГРЫЗ                                 
3096,ОСТ. ПУНКТ 4 КМ                       
1810,РАЗЪЕЗД 9 КМ                          
1849,УСПЬЯН                                
9960,ОСТ. ПУНКТ 5 КМ                       
1187,АГРЫЗ II                              
5006,ГОРОЧНЫЙ ПОСТ                         
6135,АГРЫЗ САИПС И                         
3289,АГРЫЗ ВХОДНОЙ                         
1804,ЮСКИ                                  
8448,АЛНАШИ САИПС                          
3287,АЛНАШИ                                
3381,МУКШУР                                
1891,ОСТ. ПУНКТ 29 КМ                      
9299,ОСТ. ПУНКТ 46 КМ                      
1184,ОСТ. ПУНКТ 49 КМ                      
4166,ОСТ. ПУНКТ 53 КМ                      
7842,ИЖБОБЬЯ                               
6368,ТЕРСИ                                 
9905,ОСТ. ПУНКТ 10 КМ                      
5905,ОСТ. ПУНКТ 20 КМ                      
4837,ОСТАНОВОЧНЫЙ ПУНКТ 17 КМ              
3363,ОСТ. ПУНКТ 38 КМ                      
4979,ОСТ. ПУНКТ 17 КМ                      
8070,ЛУДЗЯ                                 
3873,ПЛАТФОРМА 27 КМ                       
1930,СОВХОЗНЫЙ                             
8611,ОСТ. ПУНКТ 31 КМ                      
4597,ИЖЕВСК                                
5968,ПОЗИМЬ                                
6295,ОСТ. ПУНКТ 45 КМ                      
3743,ОСТ. ПУНКТ 50 КМ                      
2910,ВОЖОЙ                                 
3060,ПЛАТФОРМА 58 КМ                       
8941,ИЮЛЬ                                  
4903,БОЛГУРЫ                               
3641,ОСТ. ПУНКТ 61 КМ                      
3082,ОСТ. ПУНКТ 70 КМ                      
1358,ОСТ. ПУНКТ 78 КМ                      
5174,КВАРСА                                
7746,ОСТ. ПУНКТ 95 КМ                      
9624,ВОТКИНСК                              
7960,ЗАВОДСКАЯ                             
4845,ВОЛОЖКА                               
3236,СУНДУКОВО                             
8377,КИЧЕВО                                
4326,ОСТ. ПУНКТ 1117 КМ                    
4422,СОВХОЗ УДМУРСКИЙ                      
3353,ШЕВЫРЯЛОВО                            
5707,БУГРЫШ                                
1161,ОСТ. ПУНКТ 1129 КМ                    
6231,ОСТ. ПУНКТ 1136 КМ                    
3796,САРАПУЛ                               
8862,ОСТ. ПУНКТ 1149 КМ                    
5432,САРАПУЛ (ПЕРЕВ.)                      
8021,АРМЯЗЬ                                
9637,ОСТ. ПУНКТ 6 КМ                       
4624,ОСТ. ПУНКТ 12 КМ                      
6204,ОСТАНОВОЧНЫЙ ПУНКТ 8 КМ               
7667,УЖУИХА                                
1926,ОСТ. ПУНКТ 27 КМ                      
2640,САЙГАТКА                              
5382,САЙГАТКА (ПЕРЕВ.)                     
8330,КАМА                                  
2588,ШОЛЬЯ                                 
3125,ОСТ. ПУНКТ 1169 КМ                    
2235,КАМА (ПЕРЕВ.)                         
4328,КАМА (ЭКСП.)                          
8852,КАУЧУК                                
7338,КАМБАРКА                              
4555,АМЗЯ                                  
1115,НЕФТЕКАМСК                            
2720,НЕФТЕКАМСК-ПАССАЖИРСКИЙ               
4157,КАРМАНОВО                             
1725,ЭНЕРГЕТИК                             
8985,БАДРЯШ                                
6739,ОСТ. ПУНКТ 1219 КМ                    
8483,ЯНАУЛ ЗАПАДНЫЙ                        
2966,ЯНАУЛ                                 
1080,КУЮК (1237 КМ)                        
2706,ОСТ. ПУНКТ 1233 КМ                    
8773,ОСТ. ПУНКТ 1239 КМ                    
9100,ОСТ. ПУНКТ 1245 КМ                    
3767,НЕФТЕКАМСК (ЭКСП.)                    
6067,ОСТ. ПУНКТ 1253 КМ                    
4732,КИНЧАК                                
6853,РАБАК                                 
1929,ОСТ. ПУНКТ 1257 КМ                    
2075,ОСТ. ПУНКТ 1266 КМ                    
3650,КУЕДА                                 
2830,БИКБАРДИНСКИЙ (1283 КМ)               
2218,ОСИНОВАЯ ГОРА                         
8410,СТРЕЖ                                 
3163,ОСТ. ПУНКТ 1279 КМ                    
5348,ОСТ. ПУНКТ 1281 КМ                    
5084,ОСТАНОВОЧНЫЙ ПУНКТ 1287 КМ            
1243,ОСТ. ПУНКТ 1295 КМ                    
2058,ЧЕРНУШКА                              
8481,УЛЫК                                  
2804,ОСТ. ПУНКТ 1314 КМ                    
6682,ОСТ. ПУНКТ 1309 КМ                    
3333,ОСТ. ПУНКТ 1320 КМ                    
8268,ОСТАНОВОЧНЫЙ ПУНКТ 1317 КМ            
2845,ОСТ. ПУНКТ 1331 КМ                    
7207,АГАРЗЯ                                
3994,ТРУН                                  
6958,ОСТ. ПУНКТ 1341 КМ                    
4318,ЩУЧЬЕ ОЗЕРО                           
5467,АТЕР                                  
7274,ОСТ. ПУНКТ 1350 КМ                    
5538,ОСТАНОВОЧНЫЙ ПУНКТ 1354 КМ            
7292,ОСТ. ПУНКТ 1362 КМ                    
1932,САРС                                  
8936,БАРТЫМ                                
6169,ОСТАНОВОЧНЫЙ ПУНКТ 1371 КМ            
5395,ОСТ. ПУНКТ 1375 КМ                    
7873,ОСТ. ПУНКТ 1383 КМ                    
7150,ЧАД                                   
6798,ЧЕРНАЯ РЕЧКА                          
1918,НЕНАСТЬЕ                              
1997,ОСТ. ПУНКТ 1405 КМ                    
3178,ОСТ. ПУНКТ 1408 КМ                    
2200,ПУДЛИНГОВЫЙ                           
7280,ОСТ. ПУНКТ 1418 КМ                    
7692,САРАНИНСКИЙ ЗАВОД                     
9488,КАМЕННЫЙ                              
8768,ОСТ. ПУНКТ 1428 КМ                    
3779,ОСТ. ПУНКТ 1427 КМ                    
4212,ОСТ. ПУНКТ 1424 КМ                    
4920,КРАСНОУФИМСК                          
7855,ОСТ. ПУНКТ 1441 КМ                    
2622,ОСТ. ПУНКТ 1440 КМ                    
5958,ОСТ. ПУНКТ 1437 КМ                    
1338,ЗЮРЗЯ                                 
2589,ОСТ. ПУНКТ 1447 КМ                    
8670,ОСТ. ПУНКТ 1450 КМ                    
1090,ОСТ. ПУНКТ 1453 КМ                    
6393,УФИМКА                                
1999,ОСЫПЛЯНСКИЙ                           
8802,ОСТ. ПУНКТ 1478 КМ                    
6780,АФАНАСЬЕВСКИЙ                         
5886,ОСТ. ПУНКТ 1471 КМ                    
4883,ОСТ. ПУНКТ 1467 КМ                    
9618,ОСТ. ПУНКТ 1481 КМ                    
2358,ОСТ. ПУНКТ 1488 КМ                    
9840,ОСТ. ПУНКТ 1464 КМ                    
1433,КЛЮЧЕВАЯ                              
7931,ОСТ. ПУНКТ 1498 КМ                    
6178,ОСТ. ПУНКТ 1501 КМ                    
5764,ШАНГИН                                
1393,КОНТУГАНОВСКИЙ                        
9810,КЛЕНОВСКОЙ                            
2153,ОСТ. ПУНКТ 1511 КМ                    
6614,ОСТ. ПУНКТ 1512 КМ                    
4609,ОСТ. ПУНКТ 1519 КМ                    
3955,ОСТ. ПУНКТ 1522 КМ                    
4940,ОСТАНОВОЧНЫЙ ПУНКТ 1527 КМ            
4285,БИСЕРТСКИЙ ЗАВОД                      
3439,КИРГИШАНЫ                             
4775,ЧЕБОТАЕВО                             
8095,ОСТ. ПУНКТ 1551 КМ                    
6524,ОСТ. ПУНКТ 1546 КМ                    
6180,ОСТ. ПУНКТ 1539 КМ                    
5942,ОСТ. ПУНКТ 1557 КМ                    
1180,ОСТ. ПУНКТ 1561 КМ                    
9315,СОЛДАТКА                              
7518,ОСТ. ПУНКТ 1569 КМ                    
6235,НИЖНИЙ НОВГОРОД-СОРТИРОВОЧНЫЙ         
9577,ОСТ. ПУНКТ 429 КМ                     
4817,ПЛАТФОРМА 431 КМ                      
8062,ОСТ. ПУНКТ 435 КМ                     
7124,Н-НОВГОРОД-СОРТ. ВОСТОЧНЫЙ ПАРК       
6662,НИЖНИЙ НОВГОРОД-СОРТ-САИПС В          
5516,НИЖНИЙ НОВГОРОД-СОРТ-САИПС П          
5094,НИЖНИЙ НОВГОРОД-АВТОЗАВОД             
3956,КУСТОВАЯ                              
5917,СЧАСТЛИВАЯ                            
8803,САДОВАЯ                               
7701,ОРЛОВКА                               
7673,НИЖНИЙ НОВГОРОД СОРТ-НЕЧ САИПС        
1140,НИЖНИЙ НОВГОРОД-МОСКОВСКИЙ ЗАПАДНЫЙ П 
7410,НИЖНИЙ НОВГОРОД-МОСКОВСКИЙ            
3280,ВОЛГА                                 
8994,НИЖНИЙ НОВГОРОД МОСК-НЕЧ САИПС        
2296,МАЛИТОВСКАЯ ПРИСТАНЬ (ПЕРЕВ.)         
3003,НИЖНИЙ НОВГОРОД-МОСКОВСКИЙ (ПЕРЕВ.)   
9945,БУРНАКОВСКАЯ ПРИСТАНЬ (ПЕРЕВ.)        
1543,КОСТАРИХА                             
5496,ЧААДАЕВО                              
9941,КООПЕРАТИВНАЯ                         
6472,СВЕТЛОЯРСКАЯ                          
4599,ЛЕСНОЙ ГОРОДОК                        
6078,ПОЧИНКИ                               
5896,КОПОСОВО                              
6481,НАРОДНАЯ                              
2865,ВЫСОКОЕ                               
9160,ДУБРАВНАЯ                             
7033,КОЗИНО                                
3013,СОРМОВО                               
9400,ВАРЯ                                  
9770,НОВОЕ СОРМОВО                         
3626,БУРНАКОВСКАЯ ПРИСТАНЬ                 
9556,МАЛИТОВСКАЯ ПРИСТАНЬ                  
6074,АЛЕШИНО                               
5053,ЛУКИНО                                
8836,БАЛАХНА                               
2721,ПРАВДИНСК                             
5502,ВАНЯТЫ                                
9588,МОГИЛИЦЫ                              
8599,ЛИПОВКА                               
2835,ШЕЛЯУХОВО                             
9349,РОЖДЕСТВЕНСКАЯ                        
1955,ТРЕСТЬЯНЫ                             
5463,ЗАВОЛЖЬЕ                              
2652,ОСТ. ПУНКТ 58 КМ                      
5488,ПЕТУШКИ САИПС                         
7401,ПЕТУШКИ                               
